Workbook

Sheet Score Sheet
A1: Ordering | B1: Experiment Name | C1: Day of Experiment | D1: TIFF Name | E1: Link to Image | F1: KP score | G1: LW score | H1: KC score | I1: XP score | J1: # of Graders Scored | K1: 4/4 Graders Agree? | L1: 3/4 graders agree | M1: 2/4 graders agree | N1: 50/50 Split | O1: T/F if na of 50/50 Split | P1: Final Score | Q1: Mode | R1: Notes
A2: 0 | B2: =COUNTA(B3:B5499) -> 3971 | C2: =COUNTA(C3:C5499) -> 3971 | D2: =COUNTA(D3:D5726) -> 3971 | E2: =COUNTA(E3:E5499) -> 3971 | F2: =COUNTA(F3:F5499) -> 2128 | G2: =COUNTA(G3:G5499) -> 3928 | H2: =COUNTA(H3:H5499) -> 3670 | I2: =COUNTA(I3:I5499) -> 3127
A3: 1 | B3: Alt Prime Rd. 1 | C3: 1 | D3: 20220505mouse1_OD_R_2_0_0000002_Structure_0001D1 | E3: https://drive.google.com/file/d/16tNrWXMBbGIJLVTsPcJhp7jgVACRNegl/view?usp=sharing | F3: 2 | G3: 2 | H3: 2 | I3: 2 | J3: =COUNTA(F3:I3) -> 4 | K3: {=IFS(OR(F3="",G3="",H3="",I3=""), FALSE, OR(F3<>G3, F3<>H3, F3<>I3, G3<>H3, G3<>I3, H3<>I3), FALSE, OR(F3=G3, F3=H3, F3=I3, G3=H3,G3=I3, H3=I3), TRUE)} -> TRUE | L3: =OR(AND(F3=G3,G3=H3),AND(H3=I3,F3=I3),AND(G3=H3,H3=I3), AND(F3=G3,G3=I3)) -> TRUE | M3: =OR(F3=G3,G3=H3,H3=I3,F3=I3, G3=I3, F3=H3) -> TRUE | N3: =AND(K3=FALSE,L3=FALSE,IF(COUNTIF(F3:I3,F3)>1,TRUE,FALSE),IF(COUNTIF(F3:I3,G3)>1,TRUE,FALSE),IF(COUNTIF(F3:I3,H3)>1,TRUE,FALSE),IF(COUNTIF(F3:I3,I3)>1,TRUE,FALSE)) -> FALSE | O3: =AND(N3=TRUE, COUNTIF(F3:I3, "100")) -> FALSE | P3: {=IFS(K3=TRUE, Q3, L3=TRUE, Q3, N3=FALSE, Q3, F3=G3, Q3, F3=Q3, Q3)} -> 2 | Q3: =MODE(F3:I3) -> 2
A4: 2 | B4: Alt Prime Rd. 1 | C4: 1 | D4: 20220505mouse1_OD_R_2_0_0000002_Structure_0002D1 | E4: https://drive.google.com/file/d/1E6yqvKyP7535UL_GEGFwMB_LsfavBr5p/view?usp=sharing | F4: 2 | G4: 2 | H4: 2 | I4: 2 | J4: =COUNTA(F4:I4) -> 4 | K4: {=IFS(OR(F4="",G4="",H4="",I4=""), FALSE, OR(F4<>G4, F4<>H4, F4<>I4, G4<>H4, G4<>I4, H4<>I4), FALSE, OR(F4=G4, F4=H4, F4=I4, G4=H4,G4=I4, H4=I4), TRUE)} -> TRUE | L4: =OR(AND(F4=G4,G4=H4),AND(H4=I4,F4=I4),AND(G4=H4,H4=I4), AND(F4=G4,G4=I4)) -> TRUE | M4: =OR(F4=G4,G4=H4,H4=I4,F4=I4, G4=I4, F4=H4) -> TRUE | N4: =AND(K4=FALSE,L4=FALSE,IF(COUNTIF(F4:I4,F4)>1,TRUE,FALSE),IF(COUNTIF(F4:I4,G4)>1,TRUE,FALSE),IF(COUNTIF(F4:I4,H4)>1,TRUE,FALSE),IF(COUNTIF(F4:I4,I4)>1,TRUE,FALSE)) -> FALSE | O4: =AND(N4=TRUE, COUNTIF(F4:I4, "100")) -> FALSE | P4: {=IFS(K4=TRUE, Q4, L4=TRUE, Q4, N4=FALSE, Q4, F4=G4, Q4, F4=Q4, Q4)} -> 2 | Q4: =MODE(F4:I4) -> 2
A5: 3 | B5: Alt Prime Rd. 1 | C5: 1 | D5: 20220505mouse1_OD_R_2_0_0000002_Structure_0003D1 | E5: https://drive.google.com/file/d/1O76_BFFW5AhLFKfsdh3fRPvqEhQv1Vrg/view?usp=sharing | F5: 2 | G5: 2 | H5: 2 | I5: 2 | J5: =COUNTA(F5:I5) -> 4 | K5: {=IFS(OR(F5="",G5="",H5="",I5=""), FALSE, OR(F5<>G5, F5<>H5, F5<>I5, G5<>H5, G5<>I5, H5<>I5), FALSE, OR(F5=G5, F5=H5, F5=I5, G5=H5,G5=I5, H5=I5), TRUE)} -> TRUE | L5: =OR(AND(F5=G5,G5=H5),AND(H5=I5,F5=I5),AND(G5=H5,H5=I5), AND(F5=G5,G5=I5)) -> TRUE | M5: =OR(F5=G5,G5=H5,H5=I5,F5=I5, G5=I5, F5=H5) -> TRUE | N5: =AND(K5=FALSE,L5=FALSE,IF(COUNTIF(F5:I5,F5)>1,TRUE,FALSE),IF(COUNTIF(F5:I5,G5)>1,TRUE,FALSE),IF(COUNTIF(F5:I5,H5)>1,TRUE,FALSE),IF(COUNTIF(F5:I5,I5)>1,TRUE,FALSE)) -> FALSE | O5: =AND(N5=TRUE, COUNTIF(F5:I5, "100")) -> FALSE | P5: {=IFS(K5=TRUE, Q5, L5=TRUE, Q5, N5=FALSE, Q5, F5=G5, Q5, F5=Q5, Q5)} -> 2 | Q5: =MODE(F5:I5) -> 2
A6: 4 | B6: Alt Prime Rd. 1 | C6: 1 | D6: 20220505mouse1_OD_R_2_0_0000002_Structure_0004D1 | E6: https://drive.google.com/file/d/17InvZsVYM3wxw1CQ68Jj7U-6UGwp2CEY/view?usp=sharing | F6: 2 | G6: 2 | H6: 2 | I6: 2 | J6: =COUNTA(F6:I6) -> 4 | K6: {=IFS(OR(F6="",G6="",H6="",I6=""), FALSE, OR(F6<>G6, F6<>H6, F6<>I6, G6<>H6, G6<>I6, H6<>I6), FALSE, OR(F6=G6, F6=H6, F6=I6, G6=H6,G6=I6, H6=I6), TRUE)} -> TRUE | L6: =OR(AND(F6=G6,G6=H6),AND(H6=I6,F6=I6),AND(G6=H6,H6=I6), AND(F6=G6,G6=I6)) -> TRUE | M6: =OR(F6=G6,G6=H6,H6=I6,F6=I6, G6=I6, F6=H6) -> TRUE | N6: =AND(K6=FALSE,L6=FALSE,IF(COUNTIF(F6:I6,F6)>1,TRUE,FALSE),IF(COUNTIF(F6:I6,G6)>1,TRUE,FALSE),IF(COUNTIF(F6:I6,H6)>1,TRUE,FALSE),IF(COUNTIF(F6:I6,I6)>1,TRUE,FALSE)) -> FALSE | O6: =AND(N6=TRUE, COUNTIF(F6:I6, "100")) -> FALSE | P6: {=IFS(K6=TRUE, Q6, L6=TRUE, Q6, N6=FALSE, Q6, F6=G6, Q6, F6=Q6, Q6)} -> 2 | Q6: =MODE(F6:I6) -> 2
A7: 5 | B7: Alt Prime Rd. 1 | C7: 1 | D7: 20220505mouse1_OD_R_4_0_0000009_Structure_0001D1 | E7: https://drive.google.com/file/d/1oQHTMcFO_RZ4HjMNfRzamPrpeFFis1oU/view?usp=sharing | F7: 1 | G7: 0.5 | H7: 1 | I7: 0.5 | J7: =COUNTA(F7:I7) -> 4 | K7: {=IFS(OR(F7="",G7="",H7="",I7=""), FALSE, OR(F7<>G7, F7<>H7, F7<>I7, G7<>H7, G7<>I7, H7<>I7), FALSE, OR(F7=G7, F7=H7, F7=I7, G7=H7,G7=I7, H7=I7), TRUE)} -> FALSE | L7: =OR(AND(F7=G7,G7=H7),AND(H7=I7,F7=I7),AND(G7=H7,H7=I7), AND(F7=G7,G7=I7)) -> FALSE | M7: =OR(F7=G7,G7=H7,H7=I7,F7=I7, G7=I7, F7=H7) -> TRUE | N7: =AND(K7=FALSE,L7=FALSE,IF(COUNTIF(F7:I7,F7)>1,TRUE,FALSE),IF(COUNTIF(F7:I7,G7)>1,TRUE,FALSE),IF(COUNTIF(F7:I7,H7)>1,TRUE,FALSE),IF(COUNTIF(F7:I7,I7)>1,TRUE,FALSE)) -> TRUE | O7: =AND(N7=TRUE, COUNTIF(F7:I7, "100")) -> FALSE | P7: {=IFS(K7=TRUE, Q7, L7=TRUE, Q7, N7=FALSE, Q7, F7=G7, Q7, F7=Q7, Q7)} -> 1 | Q7: =MODE(F7:I7) -> 1
A8: 6 | B8: Alt Prime Rd. 1 | C8: 1 | D8: 20220505mouse1_OD_R_4_0_0000009_Structure_0002D1 | E8: https://drive.google.com/file/d/1mtU3TLB5IODf-xBWLZ_mPu35HQvsjrlb/view?usp=drive_link | F8: 1 | G8: 1 | H8: 1 | J8: =COUNTA(F8:I8) -> 3 | K8: {=IFS(OR(F8="",G8="",H8="",I8=""), FALSE, OR(F8<>G8, F8<>H8, F8<>I8, G8<>H8, G8<>I8, H8<>I8), FALSE, OR(F8=G8, F8=H8, F8=I8, G8=H8,G8=I8, H8=I8), TRUE)} -> FALSE | L8: =OR(AND(F8=G8,G8=H8),AND(H8=I8,F8=I8),AND(G8=H8,H8=I8), AND(F8=G8,G8=I8)) -> TRUE | M8: =OR(F8=G8,G8=H8,H8=I8,F8=I8, G8=I8, F8=H8) -> TRUE | N8: =AND(K8=FALSE,L8=FALSE,IF(COUNTIF(F8:I8,F8)>1,TRUE,FALSE),IF(COUNTIF(F8:I8,G8)>1,TRUE,FALSE),IF(COUNTIF(F8:I8,H8)>1,TRUE,FALSE),IF(COUNTIF(F8:I8,I8)>1,TRUE,FALSE)) -> FALSE | O8: =AND(N8=TRUE, COUNTIF(F8:I8, "100")) -> FALSE | P8: {=IFS(K8=TRUE, Q8, L8=TRUE, Q8, N8=FALSE, Q8, F8=G8, Q8, F8=Q8, Q8)} -> 1 | Q8: =MODE(F8:I8) -> 1
A9: 7 | B9: Alt Prime Rd. 1 | C9: 1 | D9: 20220505mouse1_OD_R_4_0_0000009_Structure_0003D1 | E9: https://drive.google.com/file/d/1w_pQSRD31zRuvz49ekXdmLEfLlikcpf5/view?usp=sharing | F9: 2 | G9: 2 | H9: 1 | I9: 2 | J9: =COUNTA(F9:I9) -> 4 | K9: {=IFS(OR(F9="",G9="",H9="",I9=""), FALSE, OR(F9<>G9, F9<>H9, F9<>I9, G9<>H9, G9<>I9, H9<>I9), FALSE, OR(F9=G9, F9=H9, F9=I9, G9=H9,G9=I9, H9=I9), TRUE)} -> FALSE | L9: =OR(AND(F9=G9,G9=H9),AND(H9=I9,F9=I9),AND(G9=H9,H9=I9), AND(F9=G9,G9=I9)) -> TRUE | M9: =OR(F9=G9,G9=H9,H9=I9,F9=I9, G9=I9, F9=H9) -> TRUE | N9: =AND(K9=FALSE,L9=FALSE,IF(COUNTIF(F9:I9,F9)>1,TRUE,FALSE),IF(COUNTIF(F9:I9,G9)>1,TRUE,FALSE),IF(COUNTIF(F9:I9,H9)>1,TRUE,FALSE),IF(COUNTIF(F9:I9,I9)>1,TRUE,FALSE)) -> FALSE | O9: =AND(N9=TRUE, COUNTIF(F9:I9, "100")) -> FALSE | P9: {=IFS(K9=TRUE, Q9, L9=TRUE, Q9, N9=FALSE, Q9, F9=G9, Q9, F9=Q9, Q9)} -> 2 | Q9: =MODE(F9:I9) -> 2
A10: 8 | B10: Alt Prime Rd. 1 | C10: 1 | D10: 20220505mouse1_OD_R_4_0_0000009_Structure_0004D1 | E10: https://drive.google.com/file/d/1MDZSz-goWbY9afJAjOb3JEZkQHdHt6qy/view?usp=drive_link | F10: 2 | G10: 2 | H10: 0.5 | J10: =COUNTA(F10:I10) -> 3 | K10: {=IFS(OR(F10="",G10="",H10="",I10=""), FALSE, OR(F10<>G10, F10<>H10, F10<>I10, G10<>H10, G10<>I10, H10<>I10), FALSE, OR(F10=G10, F10=H10, F10=I10, G10=H10,G10=I10, H10=I10), TRUE)} -> FALSE | L10: =OR(AND(F10=G10,G10=H10),AND(H10=I10,F10=I10),AND(G10=H10,H10=I10), AND(F10=G10,G10=I10)) -> FALSE | M10: =OR(F10=G10,G10=H10,H10=I10,F10=I10, G10=I10, F10=H10) -> TRUE | N10: =AND(K10=FALSE,L10=FALSE,IF(COUNTIF(F10:I10,F10)>1,TRUE,FALSE),IF(COUNTIF(F10:I10,G10)>1,TRUE,FALSE),IF(COUNTIF(F10:I10,H10)>1,TRUE,FALSE),IF(COUNTIF(F10:I10,I10)>1,TRUE,FALSE)) -> FALSE | O10: =AND(N10=TRUE, COUNTIF(F10:I10, "100")) -> FALSE | P10: {=IFS(K10=TRUE, Q10, L10=TRUE, Q10, N10=FALSE, Q10, F10=G10, Q10, F10=Q10, Q10)} -> 2 | Q10: =MODE(F10:I10) -> 2
A11: 9 | B11: Alt Prime Rd. 1 | C11: 1 | D11: 20220505mouse2_OD_R_2_0_0000009_Structure_0001 | E11: https://drive.google.com/file/d/1_6p84kHnBbg8dqBRDHkadbBYQlexQBqf/view?usp=sharing | F11: 2 | G11: 2 | H11: 3 | I11: 2 | J11: =COUNTA(F11:I11) -> 4 | K11: {=IFS(OR(F11="",G11="",H11="",I11=""), FALSE, OR(F11<>G11, F11<>H11, F11<>I11, G11<>H11, G11<>I11, H11<>I11), FALSE, OR(F11=G11, F11=H11, F11=I11, G11=H11,G11=I11, H11=I11), TRUE)} -> FALSE | L11: =OR(AND(F11=G11,G11=H11),AND(H11=I11,F11=I11),AND(G11=H11,H11=I11), AND(F11=G11,G11=I11)) -> TRUE | M11: =OR(F11=G11,G11=H11,H11=I11,F11=I11, G11=I11, F11=H11) -> TRUE | N11: =AND(K11=FALSE,L11=FALSE,IF(COUNTIF(F11:I11,F11)>1,TRUE,FALSE),IF(COUNTIF(F11:I11,G11)>1,TRUE,FALSE),IF(COUNTIF(F11:I11,H11)>1,TRUE,FALSE),IF(COUNTIF(F11:I11,I11)>1,TRUE,FALSE)) -> FALSE | O11: =AND(N11=TRUE, COUNTIF(F11:I11, "100")) -> FALSE | P11: {=IFS(K11=TRUE, Q11, L11=TRUE, Q11, N11=FALSE, Q11, F11=G11, Q11, F11=Q11, Q11)} -> 2 | Q11: =MODE(F11:I11) -> 2
A12: 10 | B12: Alt Prime Rd. 1 | C12: 1 | D12: 20220505mouse2_OD_R_2_0_0000009_Structure_0002 | E12: https://drive.google.com/file/d/1r0qbYe1s1sX2BP6kMRo3wQGGt8SldcpJ/view?usp=drive_link | F12: 1 | H12: 2 | I12: 2 | J12: =COUNTA(F12:I12) -> 3 | K12: {=IFS(OR(F12="",G12="",H12="",I12=""), FALSE, OR(F12<>G12, F12<>H12, F12<>I12, G12<>H12, G12<>I12, H12<>I12), FALSE, OR(F12=G12, F12=H12, F12=I12, G12=H12,G12=I12, H12=I12), TRUE)} -> FALSE | L12: =OR(AND(F12=G12,G12=H12),AND(H12=I12,F12=I12),AND(G12=H12,H12=I12), AND(F12=G12,G12=I12)) -> FALSE | M12: =OR(F12=G12,G12=H12,H12=I12,F12=I12, G12=I12, F12=H12) -> TRUE | N12: =AND(K12=FALSE,L12=FALSE,IF(COUNTIF(F12:I12,F12)>1,TRUE,FALSE),IF(COUNTIF(F12:I12,G12)>1,TRUE,FALSE),IF(COUNTIF(F12:I12,H12)>1,TRUE,FALSE),IF(COUNTIF(F12:I12,I12)>1,TRUE,FALSE)) -> FALSE | O12: =AND(N12=TRUE, COUNTIF(F12:I12, "100")) -> FALSE | P12: {=IFS(K12=TRUE, Q12, L12=TRUE, Q12, N12=FALSE, Q12, F12=G12, Q12, F12=Q12, Q12)} -> 2 | Q12: =MODE(F12:I12) -> 2
A13: 11 | B13: Alt Prime Rd. 1 | C13: 1 | D13: 20220505mouse2_OD_R_2_0_0000009_Structure_0003 | E13: https://drive.google.com/file/d/1OWwwytHPsVPefD4v4iH9zfFsDETkq9gI/view?usp=sharing | F13: 1 | G13: 2 | H13: 2 | I13: 2 | J13: =COUNTA(F13:I13) -> 4 | K13: {=IFS(OR(F13="",G13="",H13="",I13=""), FALSE, OR(F13<>G13, F13<>H13, F13<>I13, G13<>H13, G13<>I13, H13<>I13), FALSE, OR(F13=G13, F13=H13, F13=I13, G13=H13,G13=I13, H13=I13), TRUE)} -> FALSE | L13: =OR(AND(F13=G13,G13=H13),AND(H13=I13,F13=I13),AND(G13=H13,H13=I13), AND(F13=G13,G13=I13)) -> TRUE | M13: =OR(F13=G13,G13=H13,H13=I13,F13=I13, G13=I13, F13=H13) -> TRUE | N13: =AND(K13=FALSE,L13=FALSE,IF(COUNTIF(F13:I13,F13)>1,TRUE,FALSE),IF(COUNTIF(F13:I13,G13)>1,TRUE,FALSE),IF(COUNTIF(F13:I13,H13)>1,TRUE,FALSE),IF(COUNTIF(F13:I13,I13)>1,TRUE,FALSE)) -> FALSE | O13: =AND(N13=TRUE, COUNTIF(F13:I13, "100")) -> FALSE | P13: {=IFS(K13=TRUE, Q13, L13=TRUE, Q13, N13=FALSE, Q13, F13=G13, Q13, F13=Q13, Q13)} -> 2 | Q13: =MODE(F13:I13) -> 2
A14: 12 | B14: Alt Prime Rd. 1 | C14: 1 | D14: 20220505mouse2_OD_R_2_0_0000009_Structure_0004 | E14: https://drive.google.com/file/d/1VS4YBP8KdMlY0qj8HFn4Xna0xnQI0R3y/view?usp=drive_link | F14: 1 | H14: 2 | I14: 2 | J14: =COUNTA(F14:I14) -> 3 | K14: {=IFS(OR(F14="",G14="",H14="",I14=""), FALSE, OR(F14<>G14, F14<>H14, F14<>I14, G14<>H14, G14<>I14, H14<>I14), FALSE, OR(F14=G14, F14=H14, F14=I14, G14=H14,G14=I14, H14=I14), TRUE)} -> FALSE | L14: =OR(AND(F14=G14,G14=H14),AND(H14=I14,F14=I14),AND(G14=H14,H14=I14), AND(F14=G14,G14=I14)) -> FALSE | M14: =OR(F14=G14,G14=H14,H14=I14,F14=I14, G14=I14, F14=H14) -> TRUE | N14: =AND(K14=FALSE,L14=FALSE,IF(COUNTIF(F14:I14,F14)>1,TRUE,FALSE),IF(COUNTIF(F14:I14,G14)>1,TRUE,FALSE),IF(COUNTIF(F14:I14,H14)>1,TRUE,FALSE),IF(COUNTIF(F14:I14,I14)>1,TRUE,FALSE)) -> FALSE | O14: =AND(N14=TRUE, COUNTIF(F14:I14, "100")) -> FALSE | P14: {=IFS(K14=TRUE, Q14, L14=TRUE, Q14, N14=FALSE, Q14, F14=G14, Q14, F14=Q14, Q14)} -> 2 | Q14: =MODE(F14:I14) -> 2
A15: 13 | B15: Alt Prime Rd. 1 | C15: 1 | D15: 20220505mouse2_OD_R_4_0_0000002_Structure_0001 | E15: https://drive.google.com/file/d/1yZKIFNu1jW6bE0G39dtjcNpMuRffYG1A/view?usp=sharing | F15: 0.5 | G15: 0 | H15: 0.5 | I15: 0.5 | J15: =COUNTA(F15:I15) -> 4 | K15: {=IFS(OR(F15="",G15="",H15="",I15=""), FALSE, OR(F15<>G15, F15<>H15, F15<>I15, G15<>H15, G15<>I15, H15<>I15), FALSE, OR(F15=G15, F15=H15, F15=I15, G15=H15,G15=I15, H15=I15), TRUE)} -> FALSE | L15: =OR(AND(F15=G15,G15=H15),AND(H15=I15,F15=I15),AND(G15=H15,H15=I15), AND(F15=G15,G15=I15)) -> TRUE | M15: =OR(F15=G15,G15=H15,H15=I15,F15=I15, G15=I15, F15=H15) -> TRUE | N15: =AND(K15=FALSE,L15=FALSE,IF(COUNTIF(F15:I15,F15)>1,TRUE,FALSE),IF(COUNTIF(F15:I15,G15)>1,TRUE,FALSE),IF(COUNTIF(F15:I15,H15)>1,TRUE,FALSE),IF(COUNTIF(F15:I15,I15)>1,TRUE,FALSE)) -> FALSE | O15: =AND(N15=TRUE, COUNTIF(F15:I15, "100")) -> FALSE | P15: {=IFS(K15=TRUE, Q15, L15=TRUE, Q15, N15=FALSE, Q15, F15=G15, Q15, F15=Q15, Q15)} -> 0.5 | Q15: =MODE(F15:I15) -> 0.5
A16: 14 | B16: Alt Prime Rd. 1 | C16: 1 | D16: 20220505mouse2_OD_R_4_0_0000002_Structure_0002 | E16: https://drive.google.com/file/d/1xpltJOeFc5d-wI86cZFAHn4_XqTl2tdK/view?usp=drive_link | F16: 1 | G16: 1 | H16: 1 | J16: =COUNTA(F16:I16) -> 3 | K16: {=IFS(OR(F16="",G16="",H16="",I16=""), FALSE, OR(F16<>G16, F16<>H16, F16<>I16, G16<>H16, G16<>I16, H16<>I16), FALSE, OR(F16=G16, F16=H16, F16=I16, G16=H16,G16=I16, H16=I16), TRUE)} -> FALSE | L16: =OR(AND(F16=G16,G16=H16),AND(H16=I16,F16=I16),AND(G16=H16,H16=I16), AND(F16=G16,G16=I16)) -> TRUE | M16: =OR(F16=G16,G16=H16,H16=I16,F16=I16, G16=I16, F16=H16) -> TRUE | N16: =AND(K16=FALSE,L16=FALSE,IF(COUNTIF(F16:I16,F16)>1,TRUE,FALSE),IF(COUNTIF(F16:I16,G16)>1,TRUE,FALSE),IF(COUNTIF(F16:I16,H16)>1,TRUE,FALSE),IF(COUNTIF(F16:I16,I16)>1,TRUE,FALSE)) -> FALSE | O16: =AND(N16=TRUE, COUNTIF(F16:I16, "100")) -> FALSE | P16: {=IFS(K16=TRUE, Q16, L16=TRUE, Q16, N16=FALSE, Q16, F16=G16, Q16, F16=Q16, Q16)} -> 1 | Q16: =MODE(F16:I16) -> 1
A17: 15 | B17: Alt Prime Rd. 1 | C17: 1 | D17: 20220505mouse2_OD_R_4_0_0000002_Structure_0003 | E17: https://drive.google.com/file/d/1zdeadoelUN17JRsqFP3WcgzPbPA-AOnJ/view?usp=sharing | F17: 1 | G17: 1 | H17: 1 | I17: 1 | J17: =COUNTA(F17:I17) -> 4 | K17: {=IFS(OR(F17="",G17="",H17="",I17=""), FALSE, OR(F17<>G17, F17<>H17, F17<>I17, G17<>H17, G17<>I17, H17<>I17), FALSE, OR(F17=G17, F17=H17, F17=I17, G17=H17,G17=I17, H17=I17), TRUE)} -> TRUE | L17: =OR(AND(F17=G17,G17=H17),AND(H17=I17,F17=I17),AND(G17=H17,H17=I17), AND(F17=G17,G17=I17)) -> TRUE | M17: =OR(F17=G17,G17=H17,H17=I17,F17=I17, G17=I17, F17=H17) -> TRUE | N17: =AND(K17=FALSE,L17=FALSE,IF(COUNTIF(F17:I17,F17)>1,TRUE,FALSE),IF(COUNTIF(F17:I17,G17)>1,TRUE,FALSE),IF(COUNTIF(F17:I17,H17)>1,TRUE,FALSE),IF(COUNTIF(F17:I17,I17)>1,TRUE,FALSE)) -> FALSE | O17: =AND(N17=TRUE, COUNTIF(F17:I17, "100")) -> FALSE | P17: {=IFS(K17=TRUE, Q17, L17=TRUE, Q17, N17=FALSE, Q17, F17=G17, Q17, F17=Q17, Q17)} -> 1 | Q17: =MODE(F17:I17) -> 1
A18: 16 | B18: Alt Prime Rd. 1 | C18: 1 | D18: 20220505mouse2_OD_R_4_0_0000002_Structure_0004 | E18: https://drive.google.com/file/d/1SKyPcx3GJzBANF7XPkkzidkibfsCks1W/view?usp=drive_link | F18: 1 | H18: 1 | I18: 2 | J18: =COUNTA(F18:I18) -> 3 | K18: {=IFS(OR(F18="",G18="",H18="",I18=""), FALSE, OR(F18<>G18, F18<>H18, F18<>I18, G18<>H18, G18<>I18, H18<>I18), FALSE, OR(F18=G18, F18=H18, F18=I18, G18=H18,G18=I18, H18=I18), TRUE)} -> FALSE | L18: =OR(AND(F18=G18,G18=H18),AND(H18=I18,F18=I18),AND(G18=H18,H18=I18), AND(F18=G18,G18=I18)) -> FALSE | M18: =OR(F18=G18,G18=H18,H18=I18,F18=I18, G18=I18, F18=H18) -> TRUE | N18: =AND(K18=FALSE,L18=FALSE,IF(COUNTIF(F18:I18,F18)>1,TRUE,FALSE),IF(COUNTIF(F18:I18,G18)>1,TRUE,FALSE),IF(COUNTIF(F18:I18,H18)>1,TRUE,FALSE),IF(COUNTIF(F18:I18,I18)>1,TRUE,FALSE)) -> FALSE | O18: =AND(N18=TRUE, COUNTIF(F18:I18, "100")) -> FALSE | P18: {=IFS(K18=TRUE, Q18, L18=TRUE, Q18, N18=FALSE, Q18, F18=G18, Q18, F18=Q18, Q18)} -> 1 | Q18: =MODE(F18:I18) -> 1
A19: 17 | B19: Alt Prime Rd. 1 | C19: 1 | D19: 20220505mouse3_OD_R_2_0_0000002_Structure_0001 | E19: https://drive.google.com/file/d/1xTQrAM-b-r4NccJ0sNKKjPfbl3oSPM-N/view?usp=sharing | F19: 2 | G19: 2 | H19: 1 | I19: 2 | J19: =COUNTA(F19:I19) -> 4 | K19: {=IFS(OR(F19="",G19="",H19="",I19=""), FALSE, OR(F19<>G19, F19<>H19, F19<>I19, G19<>H19, G19<>I19, H19<>I19), FALSE, OR(F19=G19, F19=H19, F19=I19, G19=H19,G19=I19, H19=I19), TRUE)} -> FALSE | L19: =OR(AND(F19=G19,G19=H19),AND(H19=I19,F19=I19),AND(G19=H19,H19=I19), AND(F19=G19,G19=I19)) -> TRUE | M19: =OR(F19=G19,G19=H19,H19=I19,F19=I19, G19=I19, F19=H19) -> TRUE | N19: =AND(K19=FALSE,L19=FALSE,IF(COUNTIF(F19:I19,F19)>1,TRUE,FALSE),IF(COUNTIF(F19:I19,G19)>1,TRUE,FALSE),IF(COUNTIF(F19:I19,H19)>1,TRUE,FALSE),IF(COUNTIF(F19:I19,I19)>1,TRUE,FALSE)) -> FALSE | O19: =AND(N19=TRUE, COUNTIF(F19:I19, "100")) -> FALSE | P19: {=IFS(K19=TRUE, Q19, L19=TRUE, Q19, N19=FALSE, Q19, F19=G19, Q19, F19=Q19, Q19)} -> 2 | Q19: =MODE(F19:I19) -> 2
A20: 18 | B20: Alt Prime Rd. 1 | C20: 1 | D20: 20220505mouse3_OD_R_2_0_0000002_Structure_0002 | E20: https://drive.google.com/file/d/1PiFtlbmr6yUVjL6qOP18Kmi6ce-Z_z4Y/view?usp=drive_link | F20: 4 | H20: 3 | I20: 3 | J20: =COUNTA(F20:I20) -> 3 | K20: {=IFS(OR(F20="",G20="",H20="",I20=""), FALSE, OR(F20<>G20, F20<>H20, F20<>I20, G20<>H20, G20<>I20, H20<>I20), FALSE, OR(F20=G20, F20=H20, F20=I20, G20=H20,G20=I20, H20=I20), TRUE)} -> FALSE | L20: =OR(AND(F20=G20,G20=H20),AND(H20=I20,F20=I20),AND(G20=H20,H20=I20), AND(F20=G20,G20=I20)) -> FALSE | M20: =OR(F20=G20,G20=H20,H20=I20,F20=I20, G20=I20, F20=H20) -> TRUE | N20: =AND(K20=FALSE,L20=FALSE,IF(COUNTIF(F20:I20,F20)>1,TRUE,FALSE),IF(COUNTIF(F20:I20,G20)>1,TRUE,FALSE),IF(COUNTIF(F20:I20,H20)>1,TRUE,FALSE),IF(COUNTIF(F20:I20,I20)>1,TRUE,FALSE)) -> FALSE | O20: =AND(N20=TRUE, COUNTIF(F20:I20, "100")) -> FALSE | P20: {=IFS(K20=TRUE, Q20, L20=TRUE, Q20, N20=FALSE, Q20, F20=G20, Q20, F20=Q20, Q20)} -> 3 | Q20: =MODE(F20:I20) -> 3
A21: 19 | B21: Alt Prime Rd. 1 | C21: 1 | D21: 20220505mouse3_OD_R_2_0_0000002_Structure_0003 | E21: https://drive.google.com/file/d/1iXrzQfODwMyqlmgL_I7lga8mbWs9L_d0/view?usp=sharing | F21: 2 | G21: 2 | H21: 1 | I21: 2 | J21: =COUNTA(F21:I21) -> 4 | K21: {=IFS(OR(F21="",G21="",H21="",I21=""), FALSE, OR(F21<>G21, F21<>H21, F21<>I21, G21<>H21, G21<>I21, H21<>I21), FALSE, OR(F21=G21, F21=H21, F21=I21, G21=H21,G21=I21, H21=I21), TRUE)} -> FALSE | L21: =OR(AND(F21=G21,G21=H21),AND(H21=I21,F21=I21),AND(G21=H21,H21=I21), AND(F21=G21,G21=I21)) -> TRUE | M21: =OR(F21=G21,G21=H21,H21=I21,F21=I21, G21=I21, F21=H21) -> TRUE | N21: =AND(K21=FALSE,L21=FALSE,IF(COUNTIF(F21:I21,F21)>1,TRUE,FALSE),IF(COUNTIF(F21:I21,G21)>1,TRUE,FALSE),IF(COUNTIF(F21:I21,H21)>1,TRUE,FALSE),IF(COUNTIF(F21:I21,I21)>1,TRUE,FALSE)) -> FALSE | O21: =AND(N21=TRUE, COUNTIF(F21:I21, "100")) -> FALSE | P21: {=IFS(K21=TRUE, Q21, L21=TRUE, Q21, N21=FALSE, Q21, F21=G21, Q21, F21=Q21, Q21)} -> 2 | Q21: =MODE(F21:I21) -> 2
A22: 20 | B22: Alt Prime Rd. 1 | C22: 1 | D22: 20220505mouse3_OD_R_2_0_0000002_Structure_0004 | E22: https://drive.google.com/file/d/1-SUEa-DZB3j8dbqdMaKucMKllGFa1EJD/view?usp=drive_link | F22: 3 | H22: 2 | I22: 3 | J22: =COUNTA(F22:I22) -> 3 | K22: {=IFS(OR(F22="",G22="",H22="",I22=""), FALSE, OR(F22<>G22, F22<>H22, F22<>I22, G22<>H22, G22<>I22, H22<>I22), FALSE, OR(F22=G22, F22=H22, F22=I22, G22=H22,G22=I22, H22=I22), TRUE)} -> FALSE | L22: =OR(AND(F22=G22,G22=H22),AND(H22=I22,F22=I22),AND(G22=H22,H22=I22), AND(F22=G22,G22=I22)) -> FALSE | M22: =OR(F22=G22,G22=H22,H22=I22,F22=I22, G22=I22, F22=H22) -> TRUE | N22: =AND(K22=FALSE,L22=FALSE,IF(COUNTIF(F22:I22,F22)>1,TRUE,FALSE),IF(COUNTIF(F22:I22,G22)>1,TRUE,FALSE),IF(COUNTIF(F22:I22,H22)>1,TRUE,FALSE),IF(COUNTIF(F22:I22,I22)>1,TRUE,FALSE)) -> FALSE | O22: =AND(N22=TRUE, COUNTIF(F22:I22, "100")) -> FALSE | P22: {=IFS(K22=TRUE, Q22, L22=TRUE, Q22, N22=FALSE, Q22, F22=G22, Q22, F22=Q22, Q22)} -> 3 | Q22: =MODE(F22:I22) -> 3
A23: 21 | B23: Alt Prime Rd. 1 | C23: 1 | D23: 20220505mouse3_OD_R_4_0_0000009_Structure_0001 | E23: https://drive.google.com/file/d/17qjPgEcJ5e3gy5gPhmQej30X-msf63_a/view?usp=sharing | F23: 2 | G23: 2 | H23: 2 | I23: 2 | J23: =COUNTA(F23:I23) -> 4 | K23: {=IFS(OR(F23="",G23="",H23="",I23=""), FALSE, OR(F23<>G23, F23<>H23, F23<>I23, G23<>H23, G23<>I23, H23<>I23), FALSE, OR(F23=G23, F23=H23, F23=I23, G23=H23,G23=I23, H23=I23), TRUE)} -> TRUE | L23: =OR(AND(F23=G23,G23=H23),AND(H23=I23,F23=I23),AND(G23=H23,H23=I23), AND(F23=G23,G23=I23)) -> TRUE | M23: =OR(F23=G23,G23=H23,H23=I23,F23=I23, G23=I23, F23=H23) -> TRUE | N23: =AND(K23=FALSE,L23=FALSE,IF(COUNTIF(F23:I23,F23)>1,TRUE,FALSE),IF(COUNTIF(F23:I23,G23)>1,TRUE,FALSE),IF(COUNTIF(F23:I23,H23)>1,TRUE,FALSE),IF(COUNTIF(F23:I23,I23)>1,TRUE,FALSE)) -> FALSE | O23: =AND(N23=TRUE, COUNTIF(F23:I23, "100")) -> FALSE | P23: {=IFS(K23=TRUE, Q23, L23=TRUE, Q23, N23=FALSE, Q23, F23=G23, Q23, F23=Q23, Q23)} -> 2 | Q23: =MODE(F23:I23) -> 2
A24: 22 | B24: Alt Prime Rd. 1 | C24: 1 | D24: 20220505mouse3_OD_R_4_0_0000009_Structure_0002 | E24: https://drive.google.com/file/d/16r-t7RfkxHRA8VcOgl6n525cAgbUh5x9/view?usp=drive_link | F24: 2 | H24: 2 | I24: 1 | J24: =COUNTA(F24:I24) -> 3 | K24: {=IFS(OR(F24="",G24="",H24="",I24=""), FALSE, OR(F24<>G24, F24<>H24, F24<>I24, G24<>H24, G24<>I24, H24<>I24), FALSE, OR(F24=G24, F24=H24, F24=I24, G24=H24,G24=I24, H24=I24), TRUE)} -> FALSE | L24: =OR(AND(F24=G24,G24=H24),AND(H24=I24,F24=I24),AND(G24=H24,H24=I24), AND(F24=G24,G24=I24)) -> FALSE | M24: =OR(F24=G24,G24=H24,H24=I24,F24=I24, G24=I24, F24=H24) -> TRUE | N24: =AND(K24=FALSE,L24=FALSE,IF(COUNTIF(F24:I24,F24)>1,TRUE,FALSE),IF(COUNTIF(F24:I24,G24)>1,TRUE,FALSE),IF(COUNTIF(F24:I24,H24)>1,TRUE,FALSE),IF(COUNTIF(F24:I24,I24)>1,TRUE,FALSE)) -> FALSE | O24: =AND(N24=TRUE, COUNTIF(F24:I24, "100")) -> FALSE | P24: {=IFS(K24=TRUE, Q24, L24=TRUE, Q24, N24=FALSE, Q24, F24=G24, Q24, F24=Q24, Q24)} -> 2 | Q24: =MODE(F24:I24) -> 2
A25: 23 | B25: Alt Prime Rd. 1 | C25: 1 | D25: 20220505mouse3_OD_R_4_0_0000009_Structure_0003 | E25: https://drive.google.com/file/d/1raAMPnEV5Y5010X9vXV1zrJsjTsJ3gqZ/view?usp=sharing | F25: 2 | G25: 2 | H25: 2 | I25: 2 | J25: =COUNTA(F25:I25) -> 4 | K25: {=IFS(OR(F25="",G25="",H25="",I25=""), FALSE, OR(F25<>G25, F25<>H25, F25<>I25, G25<>H25, G25<>I25, H25<>I25), FALSE, OR(F25=G25, F25=H25, F25=I25, G25=H25,G25=I25, H25=I25), TRUE)} -> TRUE | L25: =OR(AND(F25=G25,G25=H25),AND(H25=I25,F25=I25),AND(G25=H25,H25=I25), AND(F25=G25,G25=I25)) -> TRUE | M25: =OR(F25=G25,G25=H25,H25=I25,F25=I25, G25=I25, F25=H25) -> TRUE | N25: =AND(K25=FALSE,L25=FALSE,IF(COUNTIF(F25:I25,F25)>1,TRUE,FALSE),IF(COUNTIF(F25:I25,G25)>1,TRUE,FALSE),IF(COUNTIF(F25:I25,H25)>1,TRUE,FALSE),IF(COUNTIF(F25:I25,I25)>1,TRUE,FALSE)) -> FALSE | O25: =AND(N25=TRUE, COUNTIF(F25:I25, "100")) -> FALSE | P25: {=IFS(K25=TRUE, Q25, L25=TRUE, Q25, N25=FALSE, Q25, F25=G25, Q25, F25=Q25, Q25)} -> 2 | Q25: =MODE(F25:I25) -> 2
A26: 24 | B26: Alt Prime Rd. 1 | C26: 1 | D26: 20220505mouse3_OD_R_4_0_0000009_Structure_0004 | E26: https://drive.google.com/file/d/1gGaGeMaALafEadsBB7ASw3nJMeqYyuZg/view?usp=drive_link | F26: 2 | G26: 2 | H26: 0.5 | J26: =COUNTA(F26:I26) -> 3 | K26: {=IFS(OR(F26="",G26="",H26="",I26=""), FALSE, OR(F26<>G26, F26<>H26, F26<>I26, G26<>H26, G26<>I26, H26<>I26), FALSE, OR(F26=G26, F26=H26, F26=I26, G26=H26,G26=I26, H26=I26), TRUE)} -> FALSE | L26: =OR(AND(F26=G26,G26=H26),AND(H26=I26,F26=I26),AND(G26=H26,H26=I26), AND(F26=G26,G26=I26)) -> FALSE | M26: =OR(F26=G26,G26=H26,H26=I26,F26=I26, G26=I26, F26=H26) -> TRUE | N26: =AND(K26=FALSE,L26=FALSE,IF(COUNTIF(F26:I26,F26)>1,TRUE,FALSE),IF(COUNTIF(F26:I26,G26)>1,TRUE,FALSE),IF(COUNTIF(F26:I26,H26)>1,TRUE,FALSE),IF(COUNTIF(F26:I26,I26)>1,TRUE,FALSE)) -> FALSE | O26: =AND(N26=TRUE, COUNTIF(F26:I26, "100")) -> FALSE | P26: {=IFS(K26=TRUE, Q26, L26=TRUE, Q26, N26=FALSE, Q26, F26=G26, Q26, F26=Q26, Q26)} -> 2 | Q26: =MODE(F26:I26) -> 2
A27: 25 | B27: Alt Prime Rd. 1 | C27: 1 | D27: 20220505mouse4_OD_R_2_0_0000009_Structure_0001 | E27: https://drive.google.com/file/d/1P56qzOyJXvtnb-RIhmIHnmCYf8yZdgyQ/view?usp=sharing | F27: 0.5 | G27: 0.5 | H27: 0.5 | I27: 0.5 | J27: =COUNTA(F27:I27) -> 4 | K27: {=IFS(OR(F27="",G27="",H27="",I27=""), FALSE, OR(F27<>G27, F27<>H27, F27<>I27, G27<>H27, G27<>I27, H27<>I27), FALSE, OR(F27=G27, F27=H27, F27=I27, G27=H27,G27=I27, H27=I27), TRUE)} -> TRUE | L27: =OR(AND(F27=G27,G27=H27),AND(H27=I27,F27=I27),AND(G27=H27,H27=I27), AND(F27=G27,G27=I27)) -> TRUE | M27: =OR(F27=G27,G27=H27,H27=I27,F27=I27, G27=I27, F27=H27) -> TRUE | N27: =AND(K27=FALSE,L27=FALSE,IF(COUNTIF(F27:I27,F27)>1,TRUE,FALSE),IF(COUNTIF(F27:I27,G27)>1,TRUE,FALSE),IF(COUNTIF(F27:I27,H27)>1,TRUE,FALSE),IF(COUNTIF(F27:I27,I27)>1,TRUE,FALSE)) -> FALSE | O27: =AND(N27=TRUE, COUNTIF(F27:I27, "100")) -> FALSE | P27: {=IFS(K27=TRUE, Q27, L27=TRUE, Q27, N27=FALSE, Q27, F27=G27, Q27, F27=Q27, Q27)} -> 0.5 | Q27: =MODE(F27:I27) -> 0.5
A28: 26 | B28: Alt Prime Rd. 1 | C28: 1 | D28: 20220505mouse4_OD_R_2_0_0000009_Structure_0002 | E28: https://drive.google.com/file/d/1MJBCK8iS0Iyqsfg7oiI3yAEkwlGHARur/view?usp=drive_link | F28: 0.5 | H28: 0.5 | I28: 1 | J28: =COUNTA(F28:I28) -> 3 | K28: {=IFS(OR(F28="",G28="",H28="",I28=""), FALSE, OR(F28<>G28, F28<>H28, F28<>I28, G28<>H28, G28<>I28, H28<>I28), FALSE, OR(F28=G28, F28=H28, F28=I28, G28=H28,G28=I28, H28=I28), TRUE)} -> FALSE | L28: =OR(AND(F28=G28,G28=H28),AND(H28=I28,F28=I28),AND(G28=H28,H28=I28), AND(F28=G28,G28=I28)) -> FALSE | M28: =OR(F28=G28,G28=H28,H28=I28,F28=I28, G28=I28, F28=H28) -> TRUE | N28: =AND(K28=FALSE,L28=FALSE,IF(COUNTIF(F28:I28,F28)>1,TRUE,FALSE),IF(COUNTIF(F28:I28,G28)>1,TRUE,FALSE),IF(COUNTIF(F28:I28,H28)>1,TRUE,FALSE),IF(COUNTIF(F28:I28,I28)>1,TRUE,FALSE)) -> FALSE | O28: =AND(N28=TRUE, COUNTIF(F28:I28, "100")) -> FALSE | P28: {=IFS(K28=TRUE, Q28, L28=TRUE, Q28, N28=FALSE, Q28, F28=G28, Q28, F28=Q28, Q28)} -> 0.5 | Q28: =MODE(F28:I28) -> 0.5
A29: 27 | B29: Alt Prime Rd. 1 | C29: 1 | D29: 20220505mouse4_OD_R_2_0_0000009_Structure_0003 | E29: https://drive.google.com/file/d/1cONLD-kqJLlZw_tp_yMt6hcis2lPilO3/view?usp=sharing | F29: 0.5 | G29: 1 | H29: 0.5 | I29: 0.5 | J29: =COUNTA(F29:I29) -> 4 | K29: {=IFS(OR(F29="",G29="",H29="",I29=""), FALSE, OR(F29<>G29, F29<>H29, F29<>I29, G29<>H29, G29<>I29, H29<>I29), FALSE, OR(F29=G29, F29=H29, F29=I29, G29=H29,G29=I29, H29=I29), TRUE)} -> FALSE | L29: =OR(AND(F29=G29,G29=H29),AND(H29=I29,F29=I29),AND(G29=H29,H29=I29), AND(F29=G29,G29=I29)) -> TRUE | M29: =OR(F29=G29,G29=H29,H29=I29,F29=I29, G29=I29, F29=H29) -> TRUE | N29: =AND(K29=FALSE,L29=FALSE,IF(COUNTIF(F29:I29,F29)>1,TRUE,FALSE),IF(COUNTIF(F29:I29,G29)>1,TRUE,FALSE),IF(COUNTIF(F29:I29,H29)>1,TRUE,FALSE),IF(COUNTIF(F29:I29,I29)>1,TRUE,FALSE)) -> FALSE | O29: =AND(N29=TRUE, COUNTIF(F29:I29, "100")) -> FALSE | P29: {=IFS(K29=TRUE, Q29, L29=TRUE, Q29, N29=FALSE, Q29, F29=G29, Q29, F29=Q29, Q29)} -> 0.5 | Q29: =MODE(F29:I29) -> 0.5
A30: 28 | B30: Alt Prime Rd. 1 | C30: 1 | D30: 20220505mouse4_OD_R_2_0_0000009_Structure_0004 | E30: https://drive.google.com/file/d/1Dm2MybyuwzVyzW3gtJhbtwvsdPdwyEO8/view?usp=drive_link | F30: 0.5 | G30: 0.5 | H30: 0.5 | J30: =COUNTA(F30:I30) -> 3 | K30: {=IFS(OR(F30="",G30="",H30="",I30=""), FALSE, OR(F30<>G30, F30<>H30, F30<>I30, G30<>H30, G30<>I30, H30<>I30), FALSE, OR(F30=G30, F30=H30, F30=I30, G30=H30,G30=I30, H30=I30), TRUE)} -> FALSE | L30: =OR(AND(F30=G30,G30=H30),AND(H30=I30,F30=I30),AND(G30=H30,H30=I30), AND(F30=G30,G30=I30)) -> TRUE | M30: =OR(F30=G30,G30=H30,H30=I30,F30=I30, G30=I30, F30=H30) -> TRUE | N30: =AND(K30=FALSE,L30=FALSE,IF(COUNTIF(F30:I30,F30)>1,TRUE,FALSE),IF(COUNTIF(F30:I30,G30)>1,TRUE,FALSE),IF(COUNTIF(F30:I30,H30)>1,TRUE,FALSE),IF(COUNTIF(F30:I30,I30)>1,TRUE,FALSE)) -> FALSE | O30: =AND(N30=TRUE, COUNTIF(F30:I30, "100")) -> FALSE | P30: {=IFS(K30=TRUE, Q30, L30=TRUE, Q30, N30=FALSE, Q30, F30=G30, Q30, F30=Q30, Q30)} -> 0.5 | Q30: =MODE(F30:I30) -> 0.5
A31: 29 | B31: Alt Prime Rd. 1 | C31: 1 | D31: 20220505mouse4_OD_R_4_0_0000002_Structure_0001 | E31: https://drive.google.com/file/d/1NBa14fqiKm74YTxYugCidmiQblCmQSrn/view?usp=sharing | F31: 1 | G31: 1 | H31: 2 | I31: 1 | J31: =COUNTA(F31:I31) -> 4 | K31: {=IFS(OR(F31="",G31="",H31="",I31=""), FALSE, OR(F31<>G31, F31<>H31, F31<>I31, G31<>H31, G31<>I31, H31<>I31), FALSE, OR(F31=G31, F31=H31, F31=I31, G31=H31,G31=I31, H31=I31), TRUE)} -> FALSE | L31: =OR(AND(F31=G31,G31=H31),AND(H31=I31,F31=I31),AND(G31=H31,H31=I31), AND(F31=G31,G31=I31)) -> TRUE | M31: =OR(F31=G31,G31=H31,H31=I31,F31=I31, G31=I31, F31=H31) -> TRUE | N31: =AND(K31=FALSE,L31=FALSE,IF(COUNTIF(F31:I31,F31)>1,TRUE,FALSE),IF(COUNTIF(F31:I31,G31)>1,TRUE,FALSE),IF(COUNTIF(F31:I31,H31)>1,TRUE,FALSE),IF(COUNTIF(F31:I31,I31)>1,TRUE,FALSE)) -> FALSE | O31: =AND(N31=TRUE, COUNTIF(F31:I31, "100")) -> FALSE | P31: {=IFS(K31=TRUE, Q31, L31=TRUE, Q31, N31=FALSE, Q31, F31=G31, Q31, F31=Q31, Q31)} -> 1 | Q31: =MODE(F31:I31) -> 1
A32: 30 | B32: Alt Prime Rd. 1 | C32: 1 | D32: 20220505mouse4_OD_R_4_0_0000002_Structure_0002 | E32: https://drive.google.com/file/d/1gs5T1vAiQ2wlBQaCRI0Bi-RUmZXTNKrf/view?usp=sharing | F32: 2 | H32: 2 | I32: 1 | J32: =COUNTA(F32:I32) -> 3 | K32: {=IFS(OR(F32="",G32="",H32="",I32=""), FALSE, OR(F32<>G32, F32<>H32, F32<>I32, G32<>H32, G32<>I32, H32<>I32), FALSE, OR(F32=G32, F32=H32, F32=I32, G32=H32,G32=I32, H32=I32), TRUE)} -> FALSE | L32: =OR(AND(F32=G32,G32=H32),AND(H32=I32,F32=I32),AND(G32=H32,H32=I32), AND(F32=G32,G32=I32)) -> FALSE | M32: =OR(F32=G32,G32=H32,H32=I32,F32=I32, G32=I32, F32=H32) -> TRUE | N32: =AND(K32=FALSE,L32=FALSE,IF(COUNTIF(F32:I32,F32)>1,TRUE,FALSE),IF(COUNTIF(F32:I32,G32)>1,TRUE,FALSE),IF(COUNTIF(F32:I32,H32)>1,TRUE,FALSE),IF(COUNTIF(F32:I32,I32)>1,TRUE,FALSE)) -> FALSE | O32: =AND(N32=TRUE, COUNTIF(F32:I32, "100")) -> FALSE | P32: {=IFS(K32=TRUE, Q32, L32=TRUE, Q32, N32=FALSE, Q32, F32=G32, Q32, F32=Q32, Q32)} -> 2 | Q32: =MODE(F32:I32) -> 2
A33: 31 | B33: Alt Prime Rd. 1 | C33: 1 | D33: 20220505mouse4_OD_R_4_0_0000002_Structure_0003 | E33: https://drive.google.com/file/d/1QZvxNDBSGquzVytQVLYHsWCX_yg3CBmH/view?usp=sharing | F33: 2 | G33: 2 | H33: 3 | I33: 2 | J33: =COUNTA(F33:I33) -> 4 | K33: {=IFS(OR(F33="",G33="",H33="",I33=""), FALSE, OR(F33<>G33, F33<>H33, F33<>I33, G33<>H33, G33<>I33, H33<>I33), FALSE, OR(F33=G33, F33=H33, F33=I33, G33=H33,G33=I33, H33=I33), TRUE)} -> FALSE | L33: =OR(AND(F33=G33,G33=H33),AND(H33=I33,F33=I33),AND(G33=H33,H33=I33), AND(F33=G33,G33=I33)) -> TRUE | M33: =OR(F33=G33,G33=H33,H33=I33,F33=I33, G33=I33, F33=H33) -> TRUE | N33: =AND(K33=FALSE,L33=FALSE,IF(COUNTIF(F33:I33,F33)>1,TRUE,FALSE),IF(COUNTIF(F33:I33,G33)>1,TRUE,FALSE),IF(COUNTIF(F33:I33,H33)>1,TRUE,FALSE),IF(COUNTIF(F33:I33,I33)>1,TRUE,FALSE)) -> FALSE | O33: =AND(N33=TRUE, COUNTIF(F33:I33, "100")) -> FALSE | P33: {=IFS(K33=TRUE, Q33, L33=TRUE, Q33, N33=FALSE, Q33, F33=G33, Q33, F33=Q33, Q33)} -> 2 | Q33: =MODE(F33:I33) -> 2
A34: 32 | B34: Alt Prime Rd. 1 | C34: 1 | D34: 20220505mouse4_OD_R_4_0_0000002_Structure_0004 | E34: https://drive.google.com/file/d/1PwXC271yZP_Gr5QLJgGjX7U8kFrvStMF/view?usp=sharing | F34: 2 | G34: 2 | H34: 2 | J34: =COUNTA(F34:I34) -> 3 | K34: {=IFS(OR(F34="",G34="",H34="",I34=""), FALSE, OR(F34<>G34, F34<>H34, F34<>I34, G34<>H34, G34<>I34, H34<>I34), FALSE, OR(F34=G34, F34=H34, F34=I34, G34=H34,G34=I34, H34=I34), TRUE)} -> FALSE | L34: =OR(AND(F34=G34,G34=H34),AND(H34=I34,F34=I34),AND(G34=H34,H34=I34), AND(F34=G34,G34=I34)) -> TRUE | M34: =OR(F34=G34,G34=H34,H34=I34,F34=I34, G34=I34, F34=H34) -> TRUE | N34: =AND(K34=FALSE,L34=FALSE,IF(COUNTIF(F34:I34,F34)>1,TRUE,FALSE),IF(COUNTIF(F34:I34,G34)>1,TRUE,FALSE),IF(COUNTIF(F34:I34,H34)>1,TRUE,FALSE),IF(COUNTIF(F34:I34,I34)>1,TRUE,FALSE)) -> FALSE | O34: =AND(N34=TRUE, COUNTIF(F34:I34, "100")) -> FALSE | P34: {=IFS(K34=TRUE, Q34, L34=TRUE, Q34, N34=FALSE, Q34, F34=G34, Q34, F34=Q34, Q34)} -> 2 | Q34: =MODE(F34:I34) -> 2
A35: 33 | B35: Alt Prime Rd. 1 | C35: 1 | D35: 20220505mouse5_OD_R_2_0_0000002_Structure_0001 | E35: https://drive.google.com/file/d/1faM5TBGGOymHJ2krVkMwj0-4hcMG7xPZ/view?usp=sharing | F35: 1 | G35: 1 | H35: 0.5 | I35: 1 | J35: =COUNTA(F35:I35) -> 4 | K35: {=IFS(OR(F35="",G35="",H35="",I35=""), FALSE, OR(F35<>G35, F35<>H35, F35<>I35, G35<>H35, G35<>I35, H35<>I35), FALSE, OR(F35=G35, F35=H35, F35=I35, G35=H35,G35=I35, H35=I35), TRUE)} -> FALSE | L35: =OR(AND(F35=G35,G35=H35),AND(H35=I35,F35=I35),AND(G35=H35,H35=I35), AND(F35=G35,G35=I35)) -> TRUE | M35: =OR(F35=G35,G35=H35,H35=I35,F35=I35, G35=I35, F35=H35) -> TRUE | N35: =AND(K35=FALSE,L35=FALSE,IF(COUNTIF(F35:I35,F35)>1,TRUE,FALSE),IF(COUNTIF(F35:I35,G35)>1,TRUE,FALSE),IF(COUNTIF(F35:I35,H35)>1,TRUE,FALSE),IF(COUNTIF(F35:I35,I35)>1,TRUE,FALSE)) -> FALSE | O35: =AND(N35=TRUE, COUNTIF(F35:I35, "100")) -> FALSE | P35: {=IFS(K35=TRUE, Q35, L35=TRUE, Q35, N35=FALSE, Q35, F35=G35, Q35, F35=Q35, Q35)} -> 1 | Q35: =MODE(F35:I35) -> 1
A36: 34 | B36: Alt Prime Rd. 1 | C36: 1 | D36: 20220505mouse5_OD_R_2_0_0000002_Structure_0002 | E36: https://drive.google.com/file/d/11tWjKdLMWE0uB9_Z7lZA2jjgzhhBg9lt/view?usp=sharing | F36: 100 | G36: 0.5 | H36: 0.5 | J36: =COUNTA(F36:I36) -> 3 | K36: {=IFS(OR(F36="",G36="",H36="",I36=""), FALSE, OR(F36<>G36, F36<>H36, F36<>I36, G36<>H36, G36<>I36, H36<>I36), FALSE, OR(F36=G36, F36=H36, F36=I36, G36=H36,G36=I36, H36=I36), TRUE)} -> FALSE | L36: =OR(AND(F36=G36,G36=H36),AND(H36=I36,F36=I36),AND(G36=H36,H36=I36), AND(F36=G36,G36=I36)) -> FALSE | M36: =OR(F36=G36,G36=H36,H36=I36,F36=I36, G36=I36, F36=H36) -> TRUE | N36: =AND(K36=FALSE,L36=FALSE,IF(COUNTIF(F36:I36,F36)>1,TRUE,FALSE),IF(COUNTIF(F36:I36,G36)>1,TRUE,FALSE),IF(COUNTIF(F36:I36,H36)>1,TRUE,FALSE),IF(COUNTIF(F36:I36,I36)>1,TRUE,FALSE)) -> FALSE | O36: =AND(N36=TRUE, COUNTIF(F36:I36, "100")) -> FALSE | P36: {=IFS(K36=TRUE, Q36, L36=TRUE, Q36, N36=FALSE, Q36, F36=G36, Q36, F36=Q36, Q36)} -> 0.5 | Q36: =MODE(F36:I36) -> 0.5
A37: 35 | B37: Alt Prime Rd. 1 | C37: 1 | D37: 20220505mouse5_OD_R_2_0_0000002_Structure_0003 | E37: https://drive.google.com/file/d/1tzli1BePGMAtDZKUrRc1wDNjrvVJ9-IY/view?usp=sharing | F37: 1 | G37: 0.5 | H37: 0.5 | I37: 1 | J37: =COUNTA(F37:I37) -> 4 | K37: {=IFS(OR(F37="",G37="",H37="",I37=""), FALSE, OR(F37<>G37, F37<>H37, F37<>I37, G37<>H37, G37<>I37, H37<>I37), FALSE, OR(F37=G37, F37=H37, F37=I37, G37=H37,G37=I37, H37=I37), TRUE)} -> FALSE | L37: =OR(AND(F37=G37,G37=H37),AND(H37=I37,F37=I37),AND(G37=H37,H37=I37), AND(F37=G37,G37=I37)) -> FALSE | M37: =OR(F37=G37,G37=H37,H37=I37,F37=I37, G37=I37, F37=H37) -> TRUE | N37: =AND(K37=FALSE,L37=FALSE,IF(COUNTIF(F37:I37,F37)>1,TRUE,FALSE),IF(COUNTIF(F37:I37,G37)>1,TRUE,FALSE),IF(COUNTIF(F37:I37,H37)>1,TRUE,FALSE),IF(COUNTIF(F37:I37,I37)>1,TRUE,FALSE)) -> TRUE | O37: =AND(N37=TRUE, COUNTIF(F37:I37, "100")) -> FALSE | P37: {=IFS(K37=TRUE, Q37, L37=TRUE, Q37, N37=FALSE, Q37, F37=G37, Q37, F37=Q37, Q37)} -> 1 | Q37: =MODE(F37:I37) -> 1
A38: 36 | B38: Alt Prime Rd. 1 | C38: 1 | D38: 20220505mouse5_OD_R_2_0_0000002_Structure_0004 | E38: https://drive.google.com/file/d/1DhHk_GEzzhbb1PeEd4YklDXjE8LBMAg3/view?usp=sharing | F38: 100 | H38: 100 | I38: 2 | J38: =COUNTA(F38:I38) -> 3 | K38: {=IFS(OR(F38="",G38="",H38="",I38=""), FALSE, OR(F38<>G38, F38<>H38, F38<>I38, G38<>H38, G38<>I38, H38<>I38), FALSE, OR(F38=G38, F38=H38, F38=I38, G38=H38,G38=I38, H38=I38), TRUE)} -> FALSE | L38: =OR(AND(F38=G38,G38=H38),AND(H38=I38,F38=I38),AND(G38=H38,H38=I38), AND(F38=G38,G38=I38)) -> FALSE | M38: =OR(F38=G38,G38=H38,H38=I38,F38=I38, G38=I38, F38=H38) -> TRUE | N38: =AND(K38=FALSE,L38=FALSE,IF(COUNTIF(F38:I38,F38)>1,TRUE,FALSE),IF(COUNTIF(F38:I38,G38)>1,TRUE,FALSE),IF(COUNTIF(F38:I38,H38)>1,TRUE,FALSE),IF(COUNTIF(F38:I38,I38)>1,TRUE,FALSE)) -> FALSE | O38: =AND(N38=TRUE, COUNTIF(F38:I38, "100")) -> FALSE | P38: {=IFS(K38=TRUE, Q38, L38=TRUE, Q38, N38=FALSE, Q38, F38=G38, Q38, F38=Q38, Q38)} -> 100 | Q38: =MODE(F38:I38) -> 100
A39: 37 | B39: Alt Prime Rd. 1 | C39: 1 | D39: 20220505mouse5_OD_R_4_0_0000009_Structure_0001 | E39: https://drive.google.com/file/d/1IqHg4-K-HFw_eHqbhcv_r7pqJAq18KpF/view?usp=sharing | F39: 2 | G39: 3 | H39: 3 | I39: 3 | J39: =COUNTA(F39:I39) -> 4 | K39: {=IFS(OR(F39="",G39="",H39="",I39=""), FALSE, OR(F39<>G39, F39<>H39, F39<>I39, G39<>H39, G39<>I39, H39<>I39), FALSE, OR(F39=G39, F39=H39, F39=I39, G39=H39,G39=I39, H39=I39), TRUE)} -> FALSE | L39: =OR(AND(F39=G39,G39=H39),AND(H39=I39,F39=I39),AND(G39=H39,H39=I39), AND(F39=G39,G39=I39)) -> TRUE | M39: =OR(F39=G39,G39=H39,H39=I39,F39=I39, G39=I39, F39=H39) -> TRUE | N39: =AND(K39=FALSE,L39=FALSE,IF(COUNTIF(F39:I39,F39)>1,TRUE,FALSE),IF(COUNTIF(F39:I39,G39)>1,TRUE,FALSE),IF(COUNTIF(F39:I39,H39)>1,TRUE,FALSE),IF(COUNTIF(F39:I39,I39)>1,TRUE,FALSE)) -> FALSE | O39: =AND(N39=TRUE, COUNTIF(F39:I39, "100")) -> FALSE | P39: {=IFS(K39=TRUE, Q39, L39=TRUE, Q39, N39=FALSE, Q39, F39=G39, Q39, F39=Q39, Q39)} -> 3 | Q39: =MODE(F39:I39) -> 3
A40: 38 | B40: Alt Prime Rd. 1 | C40: 1 | D40: 20220505mouse5_OD_R_4_0_0000009_Structure_0002 | E40: https://drive.google.com/file/d/1wnEKnkopKHmO3uSZZ7osMFa1D3tyo5ae/view?usp=sharing | F40: 3 | G40: 4 | H40: 4 | J40: =COUNTA(F40:I40) -> 3 | K40: {=IFS(OR(F40="",G40="",H40="",I40=""), FALSE, OR(F40<>G40, F40<>H40, F40<>I40, G40<>H40, G40<>I40, H40<>I40), FALSE, OR(F40=G40, F40=H40, F40=I40, G40=H40,G40=I40, H40=I40), TRUE)} -> FALSE | L40: =OR(AND(F40=G40,G40=H40),AND(H40=I40,F40=I40),AND(G40=H40,H40=I40), AND(F40=G40,G40=I40)) -> FALSE | M40: =OR(F40=G40,G40=H40,H40=I40,F40=I40, G40=I40, F40=H40) -> TRUE | N40: =AND(K40=FALSE,L40=FALSE,IF(COUNTIF(F40:I40,F40)>1,TRUE,FALSE),IF(COUNTIF(F40:I40,G40)>1,TRUE,FALSE),IF(COUNTIF(F40:I40,H40)>1,TRUE,FALSE),IF(COUNTIF(F40:I40,I40)>1,TRUE,FALSE)) -> FALSE | O40: =AND(N40=TRUE, COUNTIF(F40:I40, "100")) -> FALSE | P40: {=IFS(K40=TRUE, Q40, L40=TRUE, Q40, N40=FALSE, Q40, F40=G40, Q40, F40=Q40, Q40)} -> 4 | Q40: =MODE(F40:I40) -> 4
A41: 39 | B41: Alt Prime Rd. 1 | C41: 1 | D41: 20220505mouse5_OD_R_4_0_0000009_Structure_0003 | E41: https://drive.google.com/file/d/1tO8qH6QbOsOvCGZmyDQ6LaTJ6weEH-nE/view?usp=sharing | F41: 3 | G41: 4 | H41: 3 | I41: 4 | J41: =COUNTA(F41:I41) -> 4 | K41: {=IFS(OR(F41="",G41="",H41="",I41=""), FALSE, OR(F41<>G41, F41<>H41, F41<>I41, G41<>H41, G41<>I41, H41<>I41), FALSE, OR(F41=G41, F41=H41, F41=I41, G41=H41,G41=I41, H41=I41), TRUE)} -> FALSE | L41: =OR(AND(F41=G41,G41=H41),AND(H41=I41,F41=I41),AND(G41=H41,H41=I41), AND(F41=G41,G41=I41)) -> FALSE | M41: =OR(F41=G41,G41=H41,H41=I41,F41=I41, G41=I41, F41=H41) -> TRUE | N41: =AND(K41=FALSE,L41=FALSE,IF(COUNTIF(F41:I41,F41)>1,TRUE,FALSE),IF(COUNTIF(F41:I41,G41)>1,TRUE,FALSE),IF(COUNTIF(F41:I41,H41)>1,TRUE,FALSE),IF(COUNTIF(F41:I41,I41)>1,TRUE,FALSE)) -> TRUE | O41: =AND(N41=TRUE, COUNTIF(F41:I41, "100")) -> FALSE | P41: {=IFS(K41=TRUE, Q41, L41=TRUE, Q41, N41=FALSE, Q41, F41=G41, Q41, F41=Q41, Q41)} -> 3 | Q41: =MODE(F41:I41) -> 3
A42: 40 | B42: Alt Prime Rd. 1 | C42: 1 | D42: 20220505mouse5_OD_R_4_0_0000009_Structure_0004 | E42: https://drive.google.com/file/d/1CC_vDjSWcBhrO97QqeNG8qAlFAeWPhe4/view?usp=sharing | F42: 4 | H42: 4 | I42: 4 | J42: =COUNTA(F42:I42) -> 3 | K42: {=IFS(OR(F42="",G42="",H42="",I42=""), FALSE, OR(F42<>G42, F42<>H42, F42<>I42, G42<>H42, G42<>I42, H42<>I42), FALSE, OR(F42=G42, F42=H42, F42=I42, G42=H42,G42=I42, H42=I42), TRUE)} -> FALSE | L42: =OR(AND(F42=G42,G42=H42),AND(H42=I42,F42=I42),AND(G42=H42,H42=I42), AND(F42=G42,G42=I42)) -> TRUE | M42: =OR(F42=G42,G42=H42,H42=I42,F42=I42, G42=I42, F42=H42) -> TRUE | N42: =AND(K42=FALSE,L42=FALSE,IF(COUNTIF(F42:I42,F42)>1,TRUE,FALSE),IF(COUNTIF(F42:I42,G42)>1,TRUE,FALSE),IF(COUNTIF(F42:I42,H42)>1,TRUE,FALSE),IF(COUNTIF(F42:I42,I42)>1,TRUE,FALSE)) -> FALSE | O42: =AND(N42=TRUE, COUNTIF(F42:I42, "100")) -> FALSE | P42: {=IFS(K42=TRUE, Q42, L42=TRUE, Q42, N42=FALSE, Q42, F42=G42, Q42, F42=Q42, Q42)} -> 4 | Q42: =MODE(F42:I42) -> 4
A43: 41 | B43: Alt Prime Rd. 1 | C43: 1 | D43: 20220505mouse6_OD_R_2_0_0000009_Structure_0001 | E43: https://drive.google.com/file/d/1c5AP6Dj40BOKje3Kyn5tyVkDjlu6MEt0/view?usp=sharing | F43: 1 | G43: 0.5 | H43: 0.5 | I43: 1 | J43: =COUNTA(F43:I43) -> 4 | K43: {=IFS(OR(F43="",G43="",H43="",I43=""), FALSE, OR(F43<>G43, F43<>H43, F43<>I43, G43<>H43, G43<>I43, H43<>I43), FALSE, OR(F43=G43, F43=H43, F43=I43, G43=H43,G43=I43, H43=I43), TRUE)} -> FALSE | L43: =OR(AND(F43=G43,G43=H43),AND(H43=I43,F43=I43),AND(G43=H43,H43=I43), AND(F43=G43,G43=I43)) -> FALSE | M43: =OR(F43=G43,G43=H43,H43=I43,F43=I43, G43=I43, F43=H43) -> TRUE | N43: =AND(K43=FALSE,L43=FALSE,IF(COUNTIF(F43:I43,F43)>1,TRUE,FALSE),IF(COUNTIF(F43:I43,G43)>1,TRUE,FALSE),IF(COUNTIF(F43:I43,H43)>1,TRUE,FALSE),IF(COUNTIF(F43:I43,I43)>1,TRUE,FALSE)) -> TRUE | O43: =AND(N43=TRUE, COUNTIF(F43:I43, "100")) -> FALSE | P43: {=IFS(K43=TRUE, Q43, L43=TRUE, Q43, N43=FALSE, Q43, F43=G43, Q43, F43=Q43, Q43)} -> 1 | Q43: =MODE(F43:I43) -> 1
A44: 42 | B44: Alt Prime Rd. 1 | C44: 1 | D44: 20220505mouse6_OD_R_2_0_0000009_Structure_0002 | E44: https://drive.google.com/file/d/1ojZtYukiXRknT1TR15FJAYLpzi4i7A6Z/view?usp=sharing | F44: 100 | G44: 0.5 | H44: 0.5 | J44: =COUNTA(F44:I44) -> 3 | K44: {=IFS(OR(F44="",G44="",H44="",I44=""), FALSE, OR(F44<>G44, F44<>H44, F44<>I44, G44<>H44, G44<>I44, H44<>I44), FALSE, OR(F44=G44, F44=H44, F44=I44, G44=H44,G44=I44, H44=I44), TRUE)} -> FALSE | L44: =OR(AND(F44=G44,G44=H44),AND(H44=I44,F44=I44),AND(G44=H44,H44=I44), AND(F44=G44,G44=I44)) -> FALSE | M44: =OR(F44=G44,G44=H44,H44=I44,F44=I44, G44=I44, F44=H44) -> TRUE | N44: =AND(K44=FALSE,L44=FALSE,IF(COUNTIF(F44:I44,F44)>1,TRUE,FALSE),IF(COUNTIF(F44:I44,G44)>1,TRUE,FALSE),IF(COUNTIF(F44:I44,H44)>1,TRUE,FALSE),IF(COUNTIF(F44:I44,I44)>1,TRUE,FALSE)) -> FALSE | O44: =AND(N44=TRUE, COUNTIF(F44:I44, "100")) -> FALSE | P44: {=IFS(K44=TRUE, Q44, L44=TRUE, Q44, N44=FALSE, Q44, F44=G44, Q44, F44=Q44, Q44)} -> 0.5 | Q44: =MODE(F44:I44) -> 0.5
A45: 43 | B45: Alt Prime Rd. 1 | C45: 1 | D45: 20220505mouse6_OD_R_2_0_0000009_Structure_0003 | E45: https://drive.google.com/file/d/1B_KPsTdFnELXhHFqZ61CRaZQFHZCMbO8/view?usp=sharing | F45: 1 | G45: 0.5 | H45: 0.5 | I45: 0.5 | J45: =COUNTA(F45:I45) -> 4 | K45: {=IFS(OR(F45="",G45="",H45="",I45=""), FALSE, OR(F45<>G45, F45<>H45, F45<>I45, G45<>H45, G45<>I45, H45<>I45), FALSE, OR(F45=G45, F45=H45, F45=I45, G45=H45,G45=I45, H45=I45), TRUE)} -> FALSE | L45: =OR(AND(F45=G45,G45=H45),AND(H45=I45,F45=I45),AND(G45=H45,H45=I45), AND(F45=G45,G45=I45)) -> TRUE | M45: =OR(F45=G45,G45=H45,H45=I45,F45=I45, G45=I45, F45=H45) -> TRUE | N45: =AND(K45=FALSE,L45=FALSE,IF(COUNTIF(F45:I45,F45)>1,TRUE,FALSE),IF(COUNTIF(F45:I45,G45)>1,TRUE,FALSE),IF(COUNTIF(F45:I45,H45)>1,TRUE,FALSE),IF(COUNTIF(F45:I45,I45)>1,TRUE,FALSE)) -> FALSE | O45: =AND(N45=TRUE, COUNTIF(F45:I45, "100")) -> FALSE | P45: {=IFS(K45=TRUE, Q45, L45=TRUE, Q45, N45=FALSE, Q45, F45=G45, Q45, F45=Q45, Q45)} -> 0.5 | Q45: =MODE(F45:I45) -> 0.5
A46: 44 | B46: Alt Prime Rd. 1 | C46: 1 | D46: 20220505mouse6_OD_R_2_0_0000009_Structure_0004 | E46: https://drive.google.com/file/d/1aVYHwZHPwPD7l2Gfkbx3zFtvVvg157k3/view?usp=sharing | F46: 100 | H46: 0.5 | I46: 100 | J46: =COUNTA(F46:I46) -> 3 | K46: {=IFS(OR(F46="",G46="",H46="",I46=""), FALSE, OR(F46<>G46, F46<>H46, F46<>I46, G46<>H46, G46<>I46, H46<>I46), FALSE, OR(F46=G46, F46=H46, F46=I46, G46=H46,G46=I46, H46=I46), TRUE)} -> FALSE | L46: =OR(AND(F46=G46,G46=H46),AND(H46=I46,F46=I46),AND(G46=H46,H46=I46), AND(F46=G46,G46=I46)) -> FALSE | M46: =OR(F46=G46,G46=H46,H46=I46,F46=I46, G46=I46, F46=H46) -> TRUE | N46: =AND(K46=FALSE,L46=FALSE,IF(COUNTIF(F46:I46,F46)>1,TRUE,FALSE),IF(COUNTIF(F46:I46,G46)>1,TRUE,FALSE),IF(COUNTIF(F46:I46,H46)>1,TRUE,FALSE),IF(COUNTIF(F46:I46,I46)>1,TRUE,FALSE)) -> FALSE | O46: =AND(N46=TRUE, COUNTIF(F46:I46, "100")) -> FALSE | P46: {=IFS(K46=TRUE, Q46, L46=TRUE, Q46, N46=FALSE, Q46, F46=G46, Q46, F46=Q46, Q46)} -> 100 | Q46: =MODE(F46:I46) -> 100
A47: 45 | B47: Alt Prime Rd. 1 | C47: 1 | D47: 20220505mouse6_OD_R_4_0_0000002_Structure_0001 | E47: https://drive.google.com/file/d/17QMn2-njV4DLuX7DCEFW091dXRh5ZbAD/view?usp=sharing | F47: 2 | G47: 2 | H47: 2 | I47: 2 | J47: =COUNTA(F47:I47) -> 4 | K47: {=IFS(OR(F47="",G47="",H47="",I47=""), FALSE, OR(F47<>G47, F47<>H47, F47<>I47, G47<>H47, G47<>I47, H47<>I47), FALSE, OR(F47=G47, F47=H47, F47=I47, G47=H47,G47=I47, H47=I47), TRUE)} -> TRUE | L47: =OR(AND(F47=G47,G47=H47),AND(H47=I47,F47=I47),AND(G47=H47,H47=I47), AND(F47=G47,G47=I47)) -> TRUE | M47: =OR(F47=G47,G47=H47,H47=I47,F47=I47, G47=I47, F47=H47) -> TRUE | N47: =AND(K47=FALSE,L47=FALSE,IF(COUNTIF(F47:I47,F47)>1,TRUE,FALSE),IF(COUNTIF(F47:I47,G47)>1,TRUE,FALSE),IF(COUNTIF(F47:I47,H47)>1,TRUE,FALSE),IF(COUNTIF(F47:I47,I47)>1,TRUE,FALSE)) -> FALSE | O47: =AND(N47=TRUE, COUNTIF(F47:I47, "100")) -> FALSE | P47: {=IFS(K47=TRUE, Q47, L47=TRUE, Q47, N47=FALSE, Q47, F47=G47, Q47, F47=Q47, Q47)} -> 2 | Q47: =MODE(F47:I47) -> 2
A48: 46 | B48: Alt Prime Rd. 1 | C48: 1 | D48: 20220505mouse6_OD_R_4_0_0000002_Structure_0002 | E48: https://drive.google.com/file/d/1fDzYLn7DK6n0FjZEcwFY4SdgbOVaqr3w/view?usp=sharing | F48: 3 | H48: 4 | I48: 3 | J48: =COUNTA(F48:I48) -> 3 | K48: {=IFS(OR(F48="",G48="",H48="",I48=""), FALSE, OR(F48<>G48, F48<>H48, F48<>I48, G48<>H48, G48<>I48, H48<>I48), FALSE, OR(F48=G48, F48=H48, F48=I48, G48=H48,G48=I48, H48=I48), TRUE)} -> FALSE | L48: =OR(AND(F48=G48,G48=H48),AND(H48=I48,F48=I48),AND(G48=H48,H48=I48), AND(F48=G48,G48=I48)) -> FALSE | M48: =OR(F48=G48,G48=H48,H48=I48,F48=I48, G48=I48, F48=H48) -> TRUE | N48: =AND(K48=FALSE,L48=FALSE,IF(COUNTIF(F48:I48,F48)>1,TRUE,FALSE),IF(COUNTIF(F48:I48,G48)>1,TRUE,FALSE),IF(COUNTIF(F48:I48,H48)>1,TRUE,FALSE),IF(COUNTIF(F48:I48,I48)>1,TRUE,FALSE)) -> FALSE | O48: =AND(N48=TRUE, COUNTIF(F48:I48, "100")) -> FALSE | P48: {=IFS(K48=TRUE, Q48, L48=TRUE, Q48, N48=FALSE, Q48, F48=G48, Q48, F48=Q48, Q48)} -> 3 | Q48: =MODE(F48:I48) -> 3
A49: 47 | B49: Alt Prime Rd. 1 | C49: 1 | D49: 20220505mouse6_OD_R_4_0_0000002_Structure_0003 | E49: https://drive.google.com/file/d/13SFBNVMirzG1EzJv0lmwsBBShdHg0vy4/view?usp=sharing | F49: 2 | G49: 2 | H49: 2 | I49: 2 | J49: =COUNTA(F49:I49) -> 4 | K49: {=IFS(OR(F49="",G49="",H49="",I49=""), FALSE, OR(F49<>G49, F49<>H49, F49<>I49, G49<>H49, G49<>I49, H49<>I49), FALSE, OR(F49=G49, F49=H49, F49=I49, G49=H49,G49=I49, H49=I49), TRUE)} -> TRUE | L49: =OR(AND(F49=G49,G49=H49),AND(H49=I49,F49=I49),AND(G49=H49,H49=I49), AND(F49=G49,G49=I49)) -> TRUE | M49: =OR(F49=G49,G49=H49,H49=I49,F49=I49, G49=I49, F49=H49) -> TRUE | N49: =AND(K49=FALSE,L49=FALSE,IF(COUNTIF(F49:I49,F49)>1,TRUE,FALSE),IF(COUNTIF(F49:I49,G49)>1,TRUE,FALSE),IF(COUNTIF(F49:I49,H49)>1,TRUE,FALSE),IF(COUNTIF(F49:I49,I49)>1,TRUE,FALSE)) -> FALSE | O49: =AND(N49=TRUE, COUNTIF(F49:I49, "100")) -> FALSE | P49: {=IFS(K49=TRUE, Q49, L49=TRUE, Q49, N49=FALSE, Q49, F49=G49, Q49, F49=Q49, Q49)} -> 2 | Q49: =MODE(F49:I49) -> 2
A50: 48 | B50: Alt Prime Rd. 1 | C50: 1 | D50: 20220505mouse6_OD_R_4_0_0000002_Structure_0004 | E50: https://drive.google.com/file/d/19Lbmp96cXZdmlp9Hvdq8nJTXMDjONLTk/view?usp=sharing | F50: 3 | H50: 3 | I50: 3 | J50: =COUNTA(F50:I50) -> 3 | K50: {=IFS(OR(F50="",G50="",H50="",I50=""), FALSE, OR(F50<>G50, F50<>H50, F50<>I50, G50<>H50, G50<>I50, H50<>I50), FALSE, OR(F50=G50, F50=H50, F50=I50, G50=H50,G50=I50, H50=I50), TRUE)} -> FALSE | L50: =OR(AND(F50=G50,G50=H50),AND(H50=I50,F50=I50),AND(G50=H50,H50=I50), AND(F50=G50,G50=I50)) -> TRUE | M50: =OR(F50=G50,G50=H50,H50=I50,F50=I50, G50=I50, F50=H50) -> TRUE | N50: =AND(K50=FALSE,L50=FALSE,IF(COUNTIF(F50:I50,F50)>1,TRUE,FALSE),IF(COUNTIF(F50:I50,G50)>1,TRUE,FALSE),IF(COUNTIF(F50:I50,H50)>1,TRUE,FALSE),IF(COUNTIF(F50:I50,I50)>1,TRUE,FALSE)) -> FALSE | O50: =AND(N50=TRUE, COUNTIF(F50:I50, "100")) -> FALSE | P50: {=IFS(K50=TRUE, Q50, L50=TRUE, Q50, N50=FALSE, Q50, F50=G50, Q50, F50=Q50, Q50)} -> 3 | Q50: =MODE(F50:I50) -> 3
A51: 49 | B51: Alt Prime Rd. 1 | C51: 1 | D51: 20220505mouse7_OD_R_2_0_0000002_Structure_0001 | E51: https://drive.google.com/file/d/18prLJc7yp2syUQWDPDTMuns99kpOKphT/view?usp=sharing | F51: 1 | G51: 0.5 | H51: 1 | I51: 1 | J51: =COUNTA(F51:I51) -> 4 | K51: {=IFS(OR(F51="",G51="",H51="",I51=""), FALSE, OR(F51<>G51, F51<>H51, F51<>I51, G51<>H51, G51<>I51, H51<>I51), FALSE, OR(F51=G51, F51=H51, F51=I51, G51=H51,G51=I51, H51=I51), TRUE)} -> FALSE | L51: =OR(AND(F51=G51,G51=H51),AND(H51=I51,F51=I51),AND(G51=H51,H51=I51), AND(F51=G51,G51=I51)) -> TRUE | M51: =OR(F51=G51,G51=H51,H51=I51,F51=I51, G51=I51, F51=H51) -> TRUE | N51: =AND(K51=FALSE,L51=FALSE,IF(COUNTIF(F51:I51,F51)>1,TRUE,FALSE),IF(COUNTIF(F51:I51,G51)>1,TRUE,FALSE),IF(COUNTIF(F51:I51,H51)>1,TRUE,FALSE),IF(COUNTIF(F51:I51,I51)>1,TRUE,FALSE)) -> FALSE | O51: =AND(N51=TRUE, COUNTIF(F51:I51, "100")) -> FALSE | P51: {=IFS(K51=TRUE, Q51, L51=TRUE, Q51, N51=FALSE, Q51, F51=G51, Q51, F51=Q51, Q51)} -> 1 | Q51: =MODE(F51:I51) -> 1
A52: 50 | B52: Alt Prime Rd. 1 | C52: 1 | D52: 20220505mouse7_OD_R_2_0_0000002_Structure_0002 | E52: https://drive.google.com/file/d/1LixBJvhuH38Hq_saCAgNrA9rm2I2UCjB/view?usp=sharing | F52: 1 | G52: 1 | H52: 1 | J52: =COUNTA(F52:I52) -> 3 | K52: {=IFS(OR(F52="",G52="",H52="",I52=""), FALSE, OR(F52<>G52, F52<>H52, F52<>I52, G52<>H52, G52<>I52, H52<>I52), FALSE, OR(F52=G52, F52=H52, F52=I52, G52=H52,G52=I52, H52=I52), TRUE)} -> FALSE | L52: =OR(AND(F52=G52,G52=H52),AND(H52=I52,F52=I52),AND(G52=H52,H52=I52), AND(F52=G52,G52=I52)) -> TRUE | M52: =OR(F52=G52,G52=H52,H52=I52,F52=I52, G52=I52, F52=H52) -> TRUE | N52: =AND(K52=FALSE,L52=FALSE,IF(COUNTIF(F52:I52,F52)>1,TRUE,FALSE),IF(COUNTIF(F52:I52,G52)>1,TRUE,FALSE),IF(COUNTIF(F52:I52,H52)>1,TRUE,FALSE),IF(COUNTIF(F52:I52,I52)>1,TRUE,FALSE)) -> FALSE | O52: =AND(N52=TRUE, COUNTIF(F52:I52, "100")) -> FALSE | P52: {=IFS(K52=TRUE, Q52, L52=TRUE, Q52, N52=FALSE, Q52, F52=G52, Q52, F52=Q52, Q52)} -> 1 | Q52: =MODE(F52:I52) -> 1
A53: 51 | B53: Alt Prime Rd. 1 | C53: 1 | D53: 20220505mouse7_OD_R_2_0_0000002_Structure_0003 | E53: https://drive.google.com/file/d/12W8xssg55wfFpIePTMNekjoRYX-BDEbE/view?usp=sharing | F53: 1 | G53: 1 | H53: 1 | I53: 1 | J53: =COUNTA(F53:I53) -> 4 | K53: {=IFS(OR(F53="",G53="",H53="",I53=""), FALSE, OR(F53<>G53, F53<>H53, F53<>I53, G53<>H53, G53<>I53, H53<>I53), FALSE, OR(F53=G53, F53=H53, F53=I53, G53=H53,G53=I53, H53=I53), TRUE)} -> TRUE | L53: =OR(AND(F53=G53,G53=H53),AND(H53=I53,F53=I53),AND(G53=H53,H53=I53), AND(F53=G53,G53=I53)) -> TRUE | M53: =OR(F53=G53,G53=H53,H53=I53,F53=I53, G53=I53, F53=H53) -> TRUE | N53: =AND(K53=FALSE,L53=FALSE,IF(COUNTIF(F53:I53,F53)>1,TRUE,FALSE),IF(COUNTIF(F53:I53,G53)>1,TRUE,FALSE),IF(COUNTIF(F53:I53,H53)>1,TRUE,FALSE),IF(COUNTIF(F53:I53,I53)>1,TRUE,FALSE)) -> FALSE | O53: =AND(N53=TRUE, COUNTIF(F53:I53, "100")) -> FALSE | P53: {=IFS(K53=TRUE, Q53, L53=TRUE, Q53, N53=FALSE, Q53, F53=G53, Q53, F53=Q53, Q53)} -> 1 | Q53: =MODE(F53:I53) -> 1
A54: 52 | B54: Alt Prime Rd. 1 | C54: 1 | D54: 20220505mouse7_OD_R_2_0_0000002_Structure_0004 | E54: https://drive.google.com/file/d/1CywdHZcJXuzxY1u-hOd1mCQpxn6WmbBY/view?usp=sharing | F54: 0.5 | G54: 0.5 | H54: 0.5 | J54: =COUNTA(F54:I54) -> 3 | K54: {=IFS(OR(F54="",G54="",H54="",I54=""), FALSE, OR(F54<>G54, F54<>H54, F54<>I54, G54<>H54, G54<>I54, H54<>I54), FALSE, OR(F54=G54, F54=H54, F54=I54, G54=H54,G54=I54, H54=I54), TRUE)} -> FALSE | L54: =OR(AND(F54=G54,G54=H54),AND(H54=I54,F54=I54),AND(G54=H54,H54=I54), AND(F54=G54,G54=I54)) -> TRUE | M54: =OR(F54=G54,G54=H54,H54=I54,F54=I54, G54=I54, F54=H54) -> TRUE | N54: =AND(K54=FALSE,L54=FALSE,IF(COUNTIF(F54:I54,F54)>1,TRUE,FALSE),IF(COUNTIF(F54:I54,G54)>1,TRUE,FALSE),IF(COUNTIF(F54:I54,H54)>1,TRUE,FALSE),IF(COUNTIF(F54:I54,I54)>1,TRUE,FALSE)) -> FALSE | O54: =AND(N54=TRUE, COUNTIF(F54:I54, "100")) -> FALSE | P54: {=IFS(K54=TRUE, Q54, L54=TRUE, Q54, N54=FALSE, Q54, F54=G54, Q54, F54=Q54, Q54)} -> 0.5 | Q54: =MODE(F54:I54) -> 0.5
A55: 53 | B55: Alt Prime Rd. 1 | C55: 1 | D55: 20220505mouse7_OD_R_4_0_0000009_Structure_0001 | E55: https://drive.google.com/file/d/13OCWsSixMBz2qOkvTQRFvyCPgKdwKJF6/view?usp=sharing | F55: 0.5 | G55: 0.5 | H55: 0.5 | I55: 0.5 | J55: =COUNTA(F55:I55) -> 4 | K55: {=IFS(OR(F55="",G55="",H55="",I55=""), FALSE, OR(F55<>G55, F55<>H55, F55<>I55, G55<>H55, G55<>I55, H55<>I55), FALSE, OR(F55=G55, F55=H55, F55=I55, G55=H55,G55=I55, H55=I55), TRUE)} -> TRUE | L55: =OR(AND(F55=G55,G55=H55),AND(H55=I55,F55=I55),AND(G55=H55,H55=I55), AND(F55=G55,G55=I55)) -> TRUE | M55: =OR(F55=G55,G55=H55,H55=I55,F55=I55, G55=I55, F55=H55) -> TRUE | N55: =AND(K55=FALSE,L55=FALSE,IF(COUNTIF(F55:I55,F55)>1,TRUE,FALSE),IF(COUNTIF(F55:I55,G55)>1,TRUE,FALSE),IF(COUNTIF(F55:I55,H55)>1,TRUE,FALSE),IF(COUNTIF(F55:I55,I55)>1,TRUE,FALSE)) -> FALSE | O55: =AND(N55=TRUE, COUNTIF(F55:I55, "100")) -> FALSE | P55: {=IFS(K55=TRUE, Q55, L55=TRUE, Q55, N55=FALSE, Q55, F55=G55, Q55, F55=Q55, Q55)} -> 0.5 | Q55: =MODE(F55:I55) -> 0.5
A56: 54 | B56: Alt Prime Rd. 1 | C56: 1 | D56: 20220505mouse7_OD_R_4_0_0000009_Structure_0002 | E56: https://drive.google.com/file/d/1G8GZqivAglHHUV_HkyOGQCZNwWoWjzDL/view?usp=sharing | F56: 2 | H56: 0.5 | I56: 2 | J56: =COUNTA(F56:I56) -> 3 | K56: {=IFS(OR(F56="",G56="",H56="",I56=""), FALSE, OR(F56<>G56, F56<>H56, F56<>I56, G56<>H56, G56<>I56, H56<>I56), FALSE, OR(F56=G56, F56=H56, F56=I56, G56=H56,G56=I56, H56=I56), TRUE)} -> FALSE | L56: =OR(AND(F56=G56,G56=H56),AND(H56=I56,F56=I56),AND(G56=H56,H56=I56), AND(F56=G56,G56=I56)) -> FALSE | M56: =OR(F56=G56,G56=H56,H56=I56,F56=I56, G56=I56, F56=H56) -> TRUE | N56: =AND(K56=FALSE,L56=FALSE,IF(COUNTIF(F56:I56,F56)>1,TRUE,FALSE),IF(COUNTIF(F56:I56,G56)>1,TRUE,FALSE),IF(COUNTIF(F56:I56,H56)>1,TRUE,FALSE),IF(COUNTIF(F56:I56,I56)>1,TRUE,FALSE)) -> FALSE | O56: =AND(N56=TRUE, COUNTIF(F56:I56, "100")) -> FALSE | P56: {=IFS(K56=TRUE, Q56, L56=TRUE, Q56, N56=FALSE, Q56, F56=G56, Q56, F56=Q56, Q56)} -> 2 | Q56: =MODE(F56:I56) -> 2
A57: 55 | B57: Alt Prime Rd. 1 | C57: 1 | D57: 20220505mouse7_OD_R_4_0_0000009_Structure_0003 | E57: https://drive.google.com/file/d/19ufKLojAR-458KGvXpusOKCZJcNRNTvQ/view?usp=sharing | F57: 0 | G57: 0.5 | H57: 0.5 | I57: 0.5 | J57: =COUNTA(F57:I57) -> 4 | K57: {=IFS(OR(F57="",G57="",H57="",I57=""), FALSE, OR(F57<>G57, F57<>H57, F57<>I57, G57<>H57, G57<>I57, H57<>I57), FALSE, OR(F57=G57, F57=H57, F57=I57, G57=H57,G57=I57, H57=I57), TRUE)} -> FALSE | L57: =OR(AND(F57=G57,G57=H57),AND(H57=I57,F57=I57),AND(G57=H57,H57=I57), AND(F57=G57,G57=I57)) -> TRUE | M57: =OR(F57=G57,G57=H57,H57=I57,F57=I57, G57=I57, F57=H57) -> TRUE | N57: =AND(K57=FALSE,L57=FALSE,IF(COUNTIF(F57:I57,F57)>1,TRUE,FALSE),IF(COUNTIF(F57:I57,G57)>1,TRUE,FALSE),IF(COUNTIF(F57:I57,H57)>1,TRUE,FALSE),IF(COUNTIF(F57:I57,I57)>1,TRUE,FALSE)) -> FALSE | O57: =AND(N57=TRUE, COUNTIF(F57:I57, "100")) -> FALSE | P57: {=IFS(K57=TRUE, Q57, L57=TRUE, Q57, N57=FALSE, Q57, F57=G57, Q57, F57=Q57, Q57)} -> 0.5 | Q57: =MODE(F57:I57) -> 0.5
A58: 56 | B58: Alt Prime Rd. 1 | C58: 1 | D58: 20220505mouse7_OD_R_4_0_0000009_Structure_0004 | E58: https://drive.google.com/file/d/15y-jTR-7wKlTcPe9buUx2M5xmU59EY0-/view?usp=sharing | F58: 0.5 | G58: 0.5 | H58: 0 | J58: =COUNTA(F58:I58) -> 3 | K58: {=IFS(OR(F58="",G58="",H58="",I58=""), FALSE, OR(F58<>G58, F58<>H58, F58<>I58, G58<>H58, G58<>I58, H58<>I58), FALSE, OR(F58=G58, F58=H58, F58=I58, G58=H58,G58=I58, H58=I58), TRUE)} -> FALSE | L58: =OR(AND(F58=G58,G58=H58),AND(H58=I58,F58=I58),AND(G58=H58,H58=I58), AND(F58=G58,G58=I58)) -> FALSE | M58: =OR(F58=G58,G58=H58,H58=I58,F58=I58, G58=I58, F58=H58) -> TRUE | N58: =AND(K58=FALSE,L58=FALSE,IF(COUNTIF(F58:I58,F58)>1,TRUE,FALSE),IF(COUNTIF(F58:I58,G58)>1,TRUE,FALSE),IF(COUNTIF(F58:I58,H58)>1,TRUE,FALSE),IF(COUNTIF(F58:I58,I58)>1,TRUE,FALSE)) -> FALSE | O58: =AND(N58=TRUE, COUNTIF(F58:I58, "100")) -> FALSE | P58: {=IFS(K58=TRUE, Q58, L58=TRUE, Q58, N58=FALSE, Q58, F58=G58, Q58, F58=Q58, Q58)} -> 0.5 | Q58: =MODE(F58:I58) -> 0.5
A59: 57 | B59: Alt Prime Rd. 1 | C59: 1 | D59: 20220505mouse8_OD_R_2_0_0000009_Structure_0001 | E59: https://drive.google.com/file/d/1QeFIHug6GTx-tFX4K3s_lp9IgSjymROS/view?usp=sharing | F59: 4 | G59: 4 | H59: 3 | I59: 4 | J59: =COUNTA(F59:I59) -> 4 | K59: {=IFS(OR(F59="",G59="",H59="",I59=""), FALSE, OR(F59<>G59, F59<>H59, F59<>I59, G59<>H59, G59<>I59, H59<>I59), FALSE, OR(F59=G59, F59=H59, F59=I59, G59=H59,G59=I59, H59=I59), TRUE)} -> FALSE | L59: =OR(AND(F59=G59,G59=H59),AND(H59=I59,F59=I59),AND(G59=H59,H59=I59), AND(F59=G59,G59=I59)) -> TRUE | M59: =OR(F59=G59,G59=H59,H59=I59,F59=I59, G59=I59, F59=H59) -> TRUE | N59: =AND(K59=FALSE,L59=FALSE,IF(COUNTIF(F59:I59,F59)>1,TRUE,FALSE),IF(COUNTIF(F59:I59,G59)>1,TRUE,FALSE),IF(COUNTIF(F59:I59,H59)>1,TRUE,FALSE),IF(COUNTIF(F59:I59,I59)>1,TRUE,FALSE)) -> FALSE | O59: =AND(N59=TRUE, COUNTIF(F59:I59, "100")) -> FALSE | P59: {=IFS(K59=TRUE, Q59, L59=TRUE, Q59, N59=FALSE, Q59, F59=G59, Q59, F59=Q59, Q59)} -> 4 | Q59: =MODE(F59:I59) -> 4
A60: 58 | B60: Alt Prime Rd. 1 | C60: 1 | D60: 20220505mouse8_OD_R_2_0_0000009_Structure_0002 | E60: https://drive.google.com/file/d/1cPvC6k3h7YUo7t4nLFi0jPxFKwGKDS6h/view?usp=sharing | F60: 4 | G60: 4 | H60: 4 | J60: =COUNTA(F60:I60) -> 3 | K60: {=IFS(OR(F60="",G60="",H60="",I60=""), FALSE, OR(F60<>G60, F60<>H60, F60<>I60, G60<>H60, G60<>I60, H60<>I60), FALSE, OR(F60=G60, F60=H60, F60=I60, G60=H60,G60=I60, H60=I60), TRUE)} -> FALSE | L60: =OR(AND(F60=G60,G60=H60),AND(H60=I60,F60=I60),AND(G60=H60,H60=I60), AND(F60=G60,G60=I60)) -> TRUE | M60: =OR(F60=G60,G60=H60,H60=I60,F60=I60, G60=I60, F60=H60) -> TRUE | N60: =AND(K60=FALSE,L60=FALSE,IF(COUNTIF(F60:I60,F60)>1,TRUE,FALSE),IF(COUNTIF(F60:I60,G60)>1,TRUE,FALSE),IF(COUNTIF(F60:I60,H60)>1,TRUE,FALSE),IF(COUNTIF(F60:I60,I60)>1,TRUE,FALSE)) -> FALSE | O60: =AND(N60=TRUE, COUNTIF(F60:I60, "100")) -> FALSE | P60: {=IFS(K60=TRUE, Q60, L60=TRUE, Q60, N60=FALSE, Q60, F60=G60, Q60, F60=Q60, Q60)} -> 4 | Q60: =MODE(F60:I60) -> 4
A61: 59 | B61: Alt Prime Rd. 1 | C61: 1 | D61: 20220505mouse8_OD_R_2_0_0000009_Structure_0003 | E61: https://drive.google.com/file/d/1wZVLEn6e9KyGEmGEHSLoK_4jueTKjrU1/view?usp=sharing | F61: 4 | G61: 4 | H61: 4 | I61: 4 | J61: =COUNTA(F61:I61) -> 4 | K61: {=IFS(OR(F61="",G61="",H61="",I61=""), FALSE, OR(F61<>G61, F61<>H61, F61<>I61, G61<>H61, G61<>I61, H61<>I61), FALSE, OR(F61=G61, F61=H61, F61=I61, G61=H61,G61=I61, H61=I61), TRUE)} -> TRUE | L61: =OR(AND(F61=G61,G61=H61),AND(H61=I61,F61=I61),AND(G61=H61,H61=I61), AND(F61=G61,G61=I61)) -> TRUE | M61: =OR(F61=G61,G61=H61,H61=I61,F61=I61, G61=I61, F61=H61) -> TRUE | N61: =AND(K61=FALSE,L61=FALSE,IF(COUNTIF(F61:I61,F61)>1,TRUE,FALSE),IF(COUNTIF(F61:I61,G61)>1,TRUE,FALSE),IF(COUNTIF(F61:I61,H61)>1,TRUE,FALSE),IF(COUNTIF(F61:I61,I61)>1,TRUE,FALSE)) -> FALSE | O61: =AND(N61=TRUE, COUNTIF(F61:I61, "100")) -> FALSE | P61: {=IFS(K61=TRUE, Q61, L61=TRUE, Q61, N61=FALSE, Q61, F61=G61, Q61, F61=Q61, Q61)} -> 4 | Q61: =MODE(F61:I61) -> 4
A62: 60 | B62: Alt Prime Rd. 1 | C62: 1 | D62: 20220505mouse8_OD_R_2_0_0000009_Structure_0004 | E62: https://drive.google.com/file/d/1vy7qr6zW0zmzk4-W9o76UiKpf7N7QEw3/view?usp=sharing | F62: 4 | G62: 4 | H62: 4 | J62: =COUNTA(F62:I62) -> 3 | K62: {=IFS(OR(F62="",G62="",H62="",I62=""), FALSE, OR(F62<>G62, F62<>H62, F62<>I62, G62<>H62, G62<>I62, H62<>I62), FALSE, OR(F62=G62, F62=H62, F62=I62, G62=H62,G62=I62, H62=I62), TRUE)} -> FALSE | L62: =OR(AND(F62=G62,G62=H62),AND(H62=I62,F62=I62),AND(G62=H62,H62=I62), AND(F62=G62,G62=I62)) -> TRUE | M62: =OR(F62=G62,G62=H62,H62=I62,F62=I62, G62=I62, F62=H62) -> TRUE | N62: =AND(K62=FALSE,L62=FALSE,IF(COUNTIF(F62:I62,F62)>1,TRUE,FALSE),IF(COUNTIF(F62:I62,G62)>1,TRUE,FALSE),IF(COUNTIF(F62:I62,H62)>1,TRUE,FALSE),IF(COUNTIF(F62:I62,I62)>1,TRUE,FALSE)) -> FALSE | O62: =AND(N62=TRUE, COUNTIF(F62:I62, "100")) -> FALSE | P62: {=IFS(K62=TRUE, Q62, L62=TRUE, Q62, N62=FALSE, Q62, F62=G62, Q62, F62=Q62, Q62)} -> 4 | Q62: =MODE(F62:I62) -> 4
A63: 61 | B63: Alt Prime Rd. 1 | C63: 1 | D63: 20220505mouse8_OD_R_4_0_0000002_Structure_0001 | E63: https://drive.google.com/file/d/10EC5wFUhnN0QMAwdaXi5NnF9st7fVQMk/view?usp=sharing | F63: 1 | G63: 1 | H63: 1 | I63: 1 | J63: =COUNTA(F63:I63) -> 4 | K63: {=IFS(OR(F63="",G63="",H63="",I63=""), FALSE, OR(F63<>G63, F63<>H63, F63<>I63, G63<>H63, G63<>I63, H63<>I63), FALSE, OR(F63=G63, F63=H63, F63=I63, G63=H63,G63=I63, H63=I63), TRUE)} -> TRUE | L63: =OR(AND(F63=G63,G63=H63),AND(H63=I63,F63=I63),AND(G63=H63,H63=I63), AND(F63=G63,G63=I63)) -> TRUE | M63: =OR(F63=G63,G63=H63,H63=I63,F63=I63, G63=I63, F63=H63) -> TRUE | N63: =AND(K63=FALSE,L63=FALSE,IF(COUNTIF(F63:I63,F63)>1,TRUE,FALSE),IF(COUNTIF(F63:I63,G63)>1,TRUE,FALSE),IF(COUNTIF(F63:I63,H63)>1,TRUE,FALSE),IF(COUNTIF(F63:I63,I63)>1,TRUE,FALSE)) -> FALSE | O63: =AND(N63=TRUE, COUNTIF(F63:I63, "100")) -> FALSE | P63: {=IFS(K63=TRUE, Q63, L63=TRUE, Q63, N63=FALSE, Q63, F63=G63, Q63, F63=Q63, Q63)} -> 1 | Q63: =MODE(F63:I63) -> 1
A64: 62 | B64: Alt Prime Rd. 1 | C64: 1 | D64: 20220505mouse8_OD_R_4_0_0000002_Structure_0002 | E64: https://drive.google.com/file/d/1NFOFkt9wZ9XteOc0oyJRUIPVaKrsXyKG/view?usp=sharing | F64: 1 | G64: 1 | H64: 1 | J64: =COUNTA(F64:I64) -> 3 | K64: {=IFS(OR(F64="",G64="",H64="",I64=""), FALSE, OR(F64<>G64, F64<>H64, F64<>I64, G64<>H64, G64<>I64, H64<>I64), FALSE, OR(F64=G64, F64=H64, F64=I64, G64=H64,G64=I64, H64=I64), TRUE)} -> FALSE | L64: =OR(AND(F64=G64,G64=H64),AND(H64=I64,F64=I64),AND(G64=H64,H64=I64), AND(F64=G64,G64=I64)) -> TRUE | M64: =OR(F64=G64,G64=H64,H64=I64,F64=I64, G64=I64, F64=H64) -> TRUE | N64: =AND(K64=FALSE,L64=FALSE,IF(COUNTIF(F64:I64,F64)>1,TRUE,FALSE),IF(COUNTIF(F64:I64,G64)>1,TRUE,FALSE),IF(COUNTIF(F64:I64,H64)>1,TRUE,FALSE),IF(COUNTIF(F64:I64,I64)>1,TRUE,FALSE)) -> FALSE | O64: =AND(N64=TRUE, COUNTIF(F64:I64, "100")) -> FALSE | P64: {=IFS(K64=TRUE, Q64, L64=TRUE, Q64, N64=FALSE, Q64, F64=G64, Q64, F64=Q64, Q64)} -> 1 | Q64: =MODE(F64:I64) -> 1
A65: 63 | B65: Alt Prime Rd. 1 | C65: 1 | D65: 20220505mouse8_OD_R_4_0_0000002_Structure_0003 | E65: https://drive.google.com/file/d/1yr7CUBnf0lwWJXTpBAR4FvYaIjTEelVi/view?usp=sharing | F65: 0.5 | G65: 1 | H65: 1 | I65: 1 | J65: =COUNTA(F65:I65) -> 4 | K65: {=IFS(OR(F65="",G65="",H65="",I65=""), FALSE, OR(F65<>G65, F65<>H65, F65<>I65, G65<>H65, G65<>I65, H65<>I65), FALSE, OR(F65=G65, F65=H65, F65=I65, G65=H65,G65=I65, H65=I65), TRUE)} -> FALSE | L65: =OR(AND(F65=G65,G65=H65),AND(H65=I65,F65=I65),AND(G65=H65,H65=I65), AND(F65=G65,G65=I65)) -> TRUE | M65: =OR(F65=G65,G65=H65,H65=I65,F65=I65, G65=I65, F65=H65) -> TRUE | N65: =AND(K65=FALSE,L65=FALSE,IF(COUNTIF(F65:I65,F65)>1,TRUE,FALSE),IF(COUNTIF(F65:I65,G65)>1,TRUE,FALSE),IF(COUNTIF(F65:I65,H65)>1,TRUE,FALSE),IF(COUNTIF(F65:I65,I65)>1,TRUE,FALSE)) -> FALSE | O65: =AND(N65=TRUE, COUNTIF(F65:I65, "100")) -> FALSE | P65: {=IFS(K65=TRUE, Q65, L65=TRUE, Q65, N65=FALSE, Q65, F65=G65, Q65, F65=Q65, Q65)} -> 1 | Q65: =MODE(F65:I65) -> 1
A66: 64 | B66: Alt Prime Rd. 1 | C66: 1 | D66: 20220505mouse8_OD_R_4_0_0000002_Structure_0004 | E66: https://drive.google.com/file/d/1r2KfLtK437XF8-iMvduuqevasjz6qQCd/view?usp=sharing | F66: 1 | H66: 1 | I66: 1 | J66: =COUNTA(F66:I66) -> 3 | K66: {=IFS(OR(F66="",G66="",H66="",I66=""), FALSE, OR(F66<>G66, F66<>H66, F66<>I66, G66<>H66, G66<>I66, H66<>I66), FALSE, OR(F66=G66, F66=H66, F66=I66, G66=H66,G66=I66, H66=I66), TRUE)} -> FALSE | L66: =OR(AND(F66=G66,G66=H66),AND(H66=I66,F66=I66),AND(G66=H66,H66=I66), AND(F66=G66,G66=I66)) -> TRUE | M66: =OR(F66=G66,G66=H66,H66=I66,F66=I66, G66=I66, F66=H66) -> TRUE | N66: =AND(K66=FALSE,L66=FALSE,IF(COUNTIF(F66:I66,F66)>1,TRUE,FALSE),IF(COUNTIF(F66:I66,G66)>1,TRUE,FALSE),IF(COUNTIF(F66:I66,H66)>1,TRUE,FALSE),IF(COUNTIF(F66:I66,I66)>1,TRUE,FALSE)) -> FALSE | O66: =AND(N66=TRUE, COUNTIF(F66:I66, "100")) -> FALSE | P66: {=IFS(K66=TRUE, Q66, L66=TRUE, Q66, N66=FALSE, Q66, F66=G66, Q66, F66=Q66, Q66)} -> 1 | Q66: =MODE(F66:I66) -> 1
A67: 65 | B67: Alt Prime Rd. 1 | C67: 1 | D67: 20220505mouse10_OD_R_2_0_0000002_Structure_0001 | E67: https://drive.google.com/file/d/10kThsFPQSdsCz3Y3mAlEFWcY5FsaU4Sc/view?usp=sharing | F67: 3 | G67: 3 | H67: 3 | I67: 3 | J67: =COUNTA(F67:I67) -> 4 | K67: {=IFS(OR(F67="",G67="",H67="",I67=""), FALSE, OR(F67<>G67, F67<>H67, F67<>I67, G67<>H67, G67<>I67, H67<>I67), FALSE, OR(F67=G67, F67=H67, F67=I67, G67=H67,G67=I67, H67=I67), TRUE)} -> TRUE | L67: =OR(AND(F67=G67,G67=H67),AND(H67=I67,F67=I67),AND(G67=H67,H67=I67), AND(F67=G67,G67=I67)) -> TRUE | M67: =OR(F67=G67,G67=H67,H67=I67,F67=I67, G67=I67, F67=H67) -> TRUE | N67: =AND(K67=FALSE,L67=FALSE,IF(COUNTIF(F67:I67,F67)>1,TRUE,FALSE),IF(COUNTIF(F67:I67,G67)>1,TRUE,FALSE),IF(COUNTIF(F67:I67,H67)>1,TRUE,FALSE),IF(COUNTIF(F67:I67,I67)>1,TRUE,FALSE)) -> FALSE | O67: =AND(N67=TRUE, COUNTIF(F67:I67, "100")) -> FALSE | P67: {=IFS(K67=TRUE, Q67, L67=TRUE, Q67, N67=FALSE, Q67, F67=G67, Q67, F67=Q67, Q67)} -> 3 | Q67: =MODE(F67:I67) -> 3
A68: 66 | B68: Alt Prime Rd. 1 | C68: 1 | D68: 20220505mouse10_OD_R_2_0_0000002_Structure_0002 | E68: https://drive.google.com/file/d/1FMuipabtx-_VfoosDh2iqMb2I8toC4tB/view?usp=sharing | F68: 3 | H68: 3 | I68: 3 | J68: =COUNTA(F68:I68) -> 3 | K68: {=IFS(OR(F68="",G68="",H68="",I68=""), FALSE, OR(F68<>G68, F68<>H68, F68<>I68, G68<>H68, G68<>I68, H68<>I68), FALSE, OR(F68=G68, F68=H68, F68=I68, G68=H68,G68=I68, H68=I68), TRUE)} -> FALSE | L68: =OR(AND(F68=G68,G68=H68),AND(H68=I68,F68=I68),AND(G68=H68,H68=I68), AND(F68=G68,G68=I68)) -> TRUE | M68: =OR(F68=G68,G68=H68,H68=I68,F68=I68, G68=I68, F68=H68) -> TRUE | N68: =AND(K68=FALSE,L68=FALSE,IF(COUNTIF(F68:I68,F68)>1,TRUE,FALSE),IF(COUNTIF(F68:I68,G68)>1,TRUE,FALSE),IF(COUNTIF(F68:I68,H68)>1,TRUE,FALSE),IF(COUNTIF(F68:I68,I68)>1,TRUE,FALSE)) -> FALSE | O68: =AND(N68=TRUE, COUNTIF(F68:I68, "100")) -> FALSE | P68: {=IFS(K68=TRUE, Q68, L68=TRUE, Q68, N68=FALSE, Q68, F68=G68, Q68, F68=Q68, Q68)} -> 3 | Q68: =MODE(F68:I68) -> 3
A69: 67 | B69: Alt Prime Rd. 1 | C69: 1 | D69: 20220505mouse10_OD_R_2_0_0000002_Structure_0003 | E69: https://drive.google.com/file/d/1bN02RIOeRUexcdLr-GSHev1mk6yVJeBx/view?usp=sharing | F69: 3 | G69: 3 | H69: 1 | I69: 3 | J69: =COUNTA(F69:I69) -> 4 | K69: {=IFS(OR(F69="",G69="",H69="",I69=""), FALSE, OR(F69<>G69, F69<>H69, F69<>I69, G69<>H69, G69<>I69, H69<>I69), FALSE, OR(F69=G69, F69=H69, F69=I69, G69=H69,G69=I69, H69=I69), TRUE)} -> FALSE | L69: =OR(AND(F69=G69,G69=H69),AND(H69=I69,F69=I69),AND(G69=H69,H69=I69), AND(F69=G69,G69=I69)) -> TRUE | M69: =OR(F69=G69,G69=H69,H69=I69,F69=I69, G69=I69, F69=H69) -> TRUE | N69: =AND(K69=FALSE,L69=FALSE,IF(COUNTIF(F69:I69,F69)>1,TRUE,FALSE),IF(COUNTIF(F69:I69,G69)>1,TRUE,FALSE),IF(COUNTIF(F69:I69,H69)>1,TRUE,FALSE),IF(COUNTIF(F69:I69,I69)>1,TRUE,FALSE)) -> FALSE | O69: =AND(N69=TRUE, COUNTIF(F69:I69, "100")) -> FALSE | P69: {=IFS(K69=TRUE, Q69, L69=TRUE, Q69, N69=FALSE, Q69, F69=G69, Q69, F69=Q69, Q69)} -> 3 | Q69: =MODE(F69:I69) -> 3
A70: 68 | B70: Alt Prime Rd. 1 | C70: 1 | D70: 20220505mouse10_OD_R_2_0_0000002_Structure_0004 | E70: https://drive.google.com/file/d/1hww0lZ3G9h-XmDjPrGFKbXhHEE3tg4zP/view?usp=sharing | F70: 2 | H70: 3 | I70: 2 | J70: =COUNTA(F70:I70) -> 3 | K70: {=IFS(OR(F70="",G70="",H70="",I70=""), FALSE, OR(F70<>G70, F70<>H70, F70<>I70, G70<>H70, G70<>I70, H70<>I70), FALSE, OR(F70=G70, F70=H70, F70=I70, G70=H70,G70=I70, H70=I70), TRUE)} -> FALSE | L70: =OR(AND(F70=G70,G70=H70),AND(H70=I70,F70=I70),AND(G70=H70,H70=I70), AND(F70=G70,G70=I70)) -> FALSE | M70: =OR(F70=G70,G70=H70,H70=I70,F70=I70, G70=I70, F70=H70) -> TRUE | N70: =AND(K70=FALSE,L70=FALSE,IF(COUNTIF(F70:I70,F70)>1,TRUE,FALSE),IF(COUNTIF(F70:I70,G70)>1,TRUE,FALSE),IF(COUNTIF(F70:I70,H70)>1,TRUE,FALSE),IF(COUNTIF(F70:I70,I70)>1,TRUE,FALSE)) -> FALSE | O70: =AND(N70=TRUE, COUNTIF(F70:I70, "100")) -> FALSE | P70: {=IFS(K70=TRUE, Q70, L70=TRUE, Q70, N70=FALSE, Q70, F70=G70, Q70, F70=Q70, Q70)} -> 2 | Q70: =MODE(F70:I70) -> 2
A71: 69 | B71: Alt Prime Rd. 1 | C71: 1 | D71: 20220505mouse10_OD_R_4_0_0000009_Structure_0001 | E71: https://drive.google.com/file/d/1mrFKWarBdMcLhVBr33ATlm3mi3kxkWZG/view?usp=sharing | F71: 0 | G71: 0 | H71: 0.5 | I71: 0 | J71: =COUNTA(F71:I71) -> 4 | K71: {=IFS(OR(F71="",G71="",H71="",I71=""), FALSE, OR(F71<>G71, F71<>H71, F71<>I71, G71<>H71, G71<>I71, H71<>I71), FALSE, OR(F71=G71, F71=H71, F71=I71, G71=H71,G71=I71, H71=I71), TRUE)} -> FALSE | L71: =OR(AND(F71=G71,G71=H71),AND(H71=I71,F71=I71),AND(G71=H71,H71=I71), AND(F71=G71,G71=I71)) -> TRUE | M71: =OR(F71=G71,G71=H71,H71=I71,F71=I71, G71=I71, F71=H71) -> TRUE | N71: =AND(K71=FALSE,L71=FALSE,IF(COUNTIF(F71:I71,F71)>1,TRUE,FALSE),IF(COUNTIF(F71:I71,G71)>1,TRUE,FALSE),IF(COUNTIF(F71:I71,H71)>1,TRUE,FALSE),IF(COUNTIF(F71:I71,I71)>1,TRUE,FALSE)) -> FALSE | O71: =AND(N71=TRUE, COUNTIF(F71:I71, "100")) -> FALSE | P71: {=IFS(K71=TRUE, Q71, L71=TRUE, Q71, N71=FALSE, Q71, F71=G71, Q71, F71=Q71, Q71)} -> 0 | Q71: =MODE(F71:I71) -> 0
A72: 70 | B72: Alt Prime Rd. 1 | C72: 1 | D72: 20220505mouse10_OD_R_4_0_0000009_Structure_0002 | E72: https://drive.google.com/file/d/1FFLbdu5ujuPVI7npzV2ntdznteTR5dxy/view?usp=sharing | F72: 0 | G72: 0 | H72: 0 | J72: =COUNTA(F72:I72) -> 3 | K72: {=IFS(OR(F72="",G72="",H72="",I72=""), FALSE, OR(F72<>G72, F72<>H72, F72<>I72, G72<>H72, G72<>I72, H72<>I72), FALSE, OR(F72=G72, F72=H72, F72=I72, G72=H72,G72=I72, H72=I72), TRUE)} -> FALSE | L72: =OR(AND(F72=G72,G72=H72),AND(H72=I72,F72=I72),AND(G72=H72,H72=I72), AND(F72=G72,G72=I72)) -> TRUE | M72: =OR(F72=G72,G72=H72,H72=I72,F72=I72, G72=I72, F72=H72) -> TRUE | N72: =AND(K72=FALSE,L72=FALSE,IF(COUNTIF(F72:I72,F72)>1,TRUE,FALSE),IF(COUNTIF(F72:I72,G72)>1,TRUE,FALSE),IF(COUNTIF(F72:I72,H72)>1,TRUE,FALSE),IF(COUNTIF(F72:I72,I72)>1,TRUE,FALSE)) -> FALSE | O72: =AND(N72=TRUE, COUNTIF(F72:I72, "100")) -> FALSE | P72: {=IFS(K72=TRUE, Q72, L72=TRUE, Q72, N72=FALSE, Q72, F72=G72, Q72, F72=Q72, Q72)} -> 0 | Q72: =MODE(F72:I72) -> 0
A73: 71 | B73: Alt Prime Rd. 1 | C73: 1 | D73: 20220505mouse10_OD_R_4_0_0000009_Structure_0003 | E73: https://drive.google.com/file/d/1Sc-wJfsz_eTUAtgr-K-iRmKu8pVtlfmM/view?usp=sharing | F73: 0 | G73: 0 | H73: 0 | I73: 0 | J73: =COUNTA(F73:I73) -> 4 | K73: {=IFS(OR(F73="",G73="",H73="",I73=""), FALSE, OR(F73<>G73, F73<>H73, F73<>I73, G73<>H73, G73<>I73, H73<>I73), FALSE, OR(F73=G73, F73=H73, F73=I73, G73=H73,G73=I73, H73=I73), TRUE)} -> TRUE | L73: =OR(AND(F73=G73,G73=H73),AND(H73=I73,F73=I73),AND(G73=H73,H73=I73), AND(F73=G73,G73=I73)) -> TRUE | M73: =OR(F73=G73,G73=H73,H73=I73,F73=I73, G73=I73, F73=H73) -> TRUE | N73: =AND(K73=FALSE,L73=FALSE,IF(COUNTIF(F73:I73,F73)>1,TRUE,FALSE),IF(COUNTIF(F73:I73,G73)>1,TRUE,FALSE),IF(COUNTIF(F73:I73,H73)>1,TRUE,FALSE),IF(COUNTIF(F73:I73,I73)>1,TRUE,FALSE)) -> FALSE | O73: =AND(N73=TRUE, COUNTIF(F73:I73, "100")) -> FALSE | P73: {=IFS(K73=TRUE, Q73, L73=TRUE, Q73, N73=FALSE, Q73, F73=G73, Q73, F73=Q73, Q73)} -> 0 | Q73: =MODE(F73:I73) -> 0
A74: 72 | B74: Alt Prime Rd. 1 | C74: 1 | D74: 20220505mouse10_OD_R_4_0_0000009_Structure_0004 | E74: https://drive.google.com/file/d/11Vgf1BW4zMHtpyGvVVc_ju2ffHnWo4BM/view?usp=sharing | F74: 0 | G74: 0 | H74: 0 | J74: =COUNTA(F74:I74) -> 3 | K74: {=IFS(OR(F74="",G74="",H74="",I74=""), FALSE, OR(F74<>G74, F74<>H74, F74<>I74, G74<>H74, G74<>I74, H74<>I74), FALSE, OR(F74=G74, F74=H74, F74=I74, G74=H74,G74=I74, H74=I74), TRUE)} -> FALSE | L74: =OR(AND(F74=G74,G74=H74),AND(H74=I74,F74=I74),AND(G74=H74,H74=I74), AND(F74=G74,G74=I74)) -> TRUE | M74: =OR(F74=G74,G74=H74,H74=I74,F74=I74, G74=I74, F74=H74) -> TRUE | N74: =AND(K74=FALSE,L74=FALSE,IF(COUNTIF(F74:I74,F74)>1,TRUE,FALSE),IF(COUNTIF(F74:I74,G74)>1,TRUE,FALSE),IF(COUNTIF(F74:I74,H74)>1,TRUE,FALSE),IF(COUNTIF(F74:I74,I74)>1,TRUE,FALSE)) -> FALSE | O74: =AND(N74=TRUE, COUNTIF(F74:I74, "100")) -> FALSE | P74: {=IFS(K74=TRUE, Q74, L74=TRUE, Q74, N74=FALSE, Q74, F74=G74, Q74, F74=Q74, Q74)} -> 0 | Q74: =MODE(F74:I74) -> 0
A75: 73 | B75: Alt Prime Rd. 1 | C75: 2 | D75: 20220505mouse1_OD_R_2_0_0000002_Structure_0001 | E75: https://drive.google.com/file/d/10IvJRRKi3ynlcOBI5Lve3VzTsVaXpCqi/view?usp=sharing | F75: 2 | G75: 2 | H75: 1 | I75: 2 | J75: =COUNTA(F75:I75) -> 4 | K75: {=IFS(OR(F75="",G75="",H75="",I75=""), FALSE, OR(F75<>G75, F75<>H75, F75<>I75, G75<>H75, G75<>I75, H75<>I75), FALSE, OR(F75=G75, F75=H75, F75=I75, G75=H75,G75=I75, H75=I75), TRUE)} -> FALSE | L75: =OR(AND(F75=G75,G75=H75),AND(H75=I75,F75=I75),AND(G75=H75,H75=I75), AND(F75=G75,G75=I75)) -> TRUE | M75: =OR(F75=G75,G75=H75,H75=I75,F75=I75, G75=I75, F75=H75) -> TRUE | N75: =AND(K75=FALSE,L75=FALSE,IF(COUNTIF(F75:I75,F75)>1,TRUE,FALSE),IF(COUNTIF(F75:I75,G75)>1,TRUE,FALSE),IF(COUNTIF(F75:I75,H75)>1,TRUE,FALSE),IF(COUNTIF(F75:I75,I75)>1,TRUE,FALSE)) -> FALSE | O75: =AND(N75=TRUE, COUNTIF(F75:I75, "100")) -> FALSE | P75: {=IFS(K75=TRUE, Q75, L75=TRUE, Q75, N75=FALSE, Q75, F75=G75, Q75, F75=Q75, Q75)} -> 2 | Q75: =MODE(F75:I75) -> 2
A76: 74 | B76: Alt Prime Rd. 1 | C76: 2 | D76: 20220505mouse1_OD_R_2_0_0000002_Structure_0004 | E76: https://drive.google.com/file/d/1JQFzcoxG5u9B-cr9oXmw1SiOHu7RyI0P/view?usp=sharing | F76: 3 | G76: 3 | H76: 4 | I76: 3 | J76: =COUNTA(F76:I76) -> 4 | K76: {=IFS(OR(F76="",G76="",H76="",I76=""), FALSE, OR(F76<>G76, F76<>H76, F76<>I76, G76<>H76, G76<>I76, H76<>I76), FALSE, OR(F76=G76, F76=H76, F76=I76, G76=H76,G76=I76, H76=I76), TRUE)} -> FALSE | L76: =OR(AND(F76=G76,G76=H76),AND(H76=I76,F76=I76),AND(G76=H76,H76=I76), AND(F76=G76,G76=I76)) -> TRUE | M76: =OR(F76=G76,G76=H76,H76=I76,F76=I76, G76=I76, F76=H76) -> TRUE | N76: =AND(K76=FALSE,L76=FALSE,IF(COUNTIF(F76:I76,F76)>1,TRUE,FALSE),IF(COUNTIF(F76:I76,G76)>1,TRUE,FALSE),IF(COUNTIF(F76:I76,H76)>1,TRUE,FALSE),IF(COUNTIF(F76:I76,I76)>1,TRUE,FALSE)) -> FALSE | O76: =AND(N76=TRUE, COUNTIF(F76:I76, "100")) -> FALSE | P76: {=IFS(K76=TRUE, Q76, L76=TRUE, Q76, N76=FALSE, Q76, F76=G76, Q76, F76=Q76, Q76)} -> 3 | Q76: =MODE(F76:I76) -> 3
A77: 75 | B77: Alt Prime Rd. 1 | C77: 2 | D77: 20220505mouse1_OD_R_4_0_0000012_Structure_0001 | E77: https://drive.google.com/file/d/1mh5xFSu1h5Hv2RgIPd0EZUjP6U0giEd7/view?usp=sharing | F77: 0.5 | G77: 0.5 | H77: 0 | J77: =COUNTA(F77:I77) -> 3 | K77: {=IFS(OR(F77="",G77="",H77="",I77=""), FALSE, OR(F77<>G77, F77<>H77, F77<>I77, G77<>H77, G77<>I77, H77<>I77), FALSE, OR(F77=G77, F77=H77, F77=I77, G77=H77,G77=I77, H77=I77), TRUE)} -> FALSE | L77: =OR(AND(F77=G77,G77=H77),AND(H77=I77,F77=I77),AND(G77=H77,H77=I77), AND(F77=G77,G77=I77)) -> FALSE | M77: =OR(F77=G77,G77=H77,H77=I77,F77=I77, G77=I77, F77=H77) -> TRUE | N77: =AND(K77=FALSE,L77=FALSE,IF(COUNTIF(F77:I77,F77)>1,TRUE,FALSE),IF(COUNTIF(F77:I77,G77)>1,TRUE,FALSE),IF(COUNTIF(F77:I77,H77)>1,TRUE,FALSE),IF(COUNTIF(F77:I77,I77)>1,TRUE,FALSE)) -> FALSE | O77: =AND(N77=TRUE, COUNTIF(F77:I77, "100")) -> FALSE | P77: {=IFS(K77=TRUE, Q77, L77=TRUE, Q77, N77=FALSE, Q77, F77=G77, Q77, F77=Q77, Q77)} -> 0.5 | Q77: =MODE(F77:I77) -> 0.5
A78: 76 | B78: Alt Prime Rd. 1 | C78: 2 | D78: 20220505mouse1_OD_R_4_0_0000012_Structure_0004 | E78: https://drive.google.com/file/d/1GA8hp9H-5nhGuRAC8AQ2YA1kqeYjHCF2/view?usp=sharing | F78: 2 | G78: 1 | H78: 2 | I78: 2 | J78: =COUNTA(F78:I78) -> 4 | K78: {=IFS(OR(F78="",G78="",H78="",I78=""), FALSE, OR(F78<>G78, F78<>H78, F78<>I78, G78<>H78, G78<>I78, H78<>I78), FALSE, OR(F78=G78, F78=H78, F78=I78, G78=H78,G78=I78, H78=I78), TRUE)} -> FALSE | L78: =OR(AND(F78=G78,G78=H78),AND(H78=I78,F78=I78),AND(G78=H78,H78=I78), AND(F78=G78,G78=I78)) -> TRUE | M78: =OR(F78=G78,G78=H78,H78=I78,F78=I78, G78=I78, F78=H78) -> TRUE | N78: =AND(K78=FALSE,L78=FALSE,IF(COUNTIF(F78:I78,F78)>1,TRUE,FALSE),IF(COUNTIF(F78:I78,G78)>1,TRUE,FALSE),IF(COUNTIF(F78:I78,H78)>1,TRUE,FALSE),IF(COUNTIF(F78:I78,I78)>1,TRUE,FALSE)) -> FALSE | O78: =AND(N78=TRUE, COUNTIF(F78:I78, "100")) -> FALSE | P78: {=IFS(K78=TRUE, Q78, L78=TRUE, Q78, N78=FALSE, Q78, F78=G78, Q78, F78=Q78, Q78)} -> 2 | Q78: =MODE(F78:I78) -> 2
A79: 77 | B79: Alt Prime Rd. 1 | C79: 2 | D79: 20220505mouse2_OD_R_2_0_0000026_Structure_0001 | E79: https://drive.google.com/file/d/1Ie6Sr2WLiPfXLLYckzZRPWL9twi1XSwG/view?usp=sharing | F79: 1 | G79: 2 | H79: 1 | I79: 2 | J79: =COUNTA(F79:I79) -> 4 | K79: {=IFS(OR(F79="",G79="",H79="",I79=""), FALSE, OR(F79<>G79, F79<>H79, F79<>I79, G79<>H79, G79<>I79, H79<>I79), FALSE, OR(F79=G79, F79=H79, F79=I79, G79=H79,G79=I79, H79=I79), TRUE)} -> FALSE | L79: =OR(AND(F79=G79,G79=H79),AND(H79=I79,F79=I79),AND(G79=H79,H79=I79), AND(F79=G79,G79=I79)) -> FALSE | M79: =OR(F79=G79,G79=H79,H79=I79,F79=I79, G79=I79, F79=H79) -> TRUE | N79: =AND(K79=FALSE,L79=FALSE,IF(COUNTIF(F79:I79,F79)>1,TRUE,FALSE),IF(COUNTIF(F79:I79,G79)>1,TRUE,FALSE),IF(COUNTIF(F79:I79,H79)>1,TRUE,FALSE),IF(COUNTIF(F79:I79,I79)>1,TRUE,FALSE)) -> TRUE | O79: =AND(N79=TRUE, COUNTIF(F79:I79, "100")) -> FALSE | P79: {=IFS(K79=TRUE, Q79, L79=TRUE, Q79, N79=FALSE, Q79, F79=G79, Q79, F79=Q79, Q79)} -> 1 | Q79: =MODE(F79:I79) -> 1
A80: 78 | B80: Alt Prime Rd. 1 | C80: 2 | D80: 20220505mouse2_OD_R_2_0_0000026_Structure_0004 | E80: https://drive.google.com/file/d/1Mntywa3hqmik8miCPGM6WVZIOgAo8aqk/view?usp=sharing | F80: 2 | G80: 2 | H80: 2 | J80: =COUNTA(F80:I80) -> 3 | K80: {=IFS(OR(F80="",G80="",H80="",I80=""), FALSE, OR(F80<>G80, F80<>H80, F80<>I80, G80<>H80, G80<>I80, H80<>I80), FALSE, OR(F80=G80, F80=H80, F80=I80, G80=H80,G80=I80, H80=I80), TRUE)} -> FALSE | L80: =OR(AND(F80=G80,G80=H80),AND(H80=I80,F80=I80),AND(G80=H80,H80=I80), AND(F80=G80,G80=I80)) -> TRUE | M80: =OR(F80=G80,G80=H80,H80=I80,F80=I80, G80=I80, F80=H80) -> TRUE | N80: =AND(K80=FALSE,L80=FALSE,IF(COUNTIF(F80:I80,F80)>1,TRUE,FALSE),IF(COUNTIF(F80:I80,G80)>1,TRUE,FALSE),IF(COUNTIF(F80:I80,H80)>1,TRUE,FALSE),IF(COUNTIF(F80:I80,I80)>1,TRUE,FALSE)) -> FALSE | O80: =AND(N80=TRUE, COUNTIF(F80:I80, "100")) -> FALSE | P80: {=IFS(K80=TRUE, Q80, L80=TRUE, Q80, N80=FALSE, Q80, F80=G80, Q80, F80=Q80, Q80)} -> 2 | Q80: =MODE(F80:I80) -> 2
A81: 79 | B81: Alt Prime Rd. 1 | C81: 2 | D81: 20220505mouse2_OD_R_4_0_0000016_Structure_0001 | E81: https://drive.google.com/file/d/1NB9nq8WDlFlzXPKKT_4RZ4amlDgn05W2/view?usp=sharing | F81: 0 | G81: 0.5 | H81: 0 | J81: =COUNTA(F81:I81) -> 3 | K81: {=IFS(OR(F81="",G81="",H81="",I81=""), FALSE, OR(F81<>G81, F81<>H81, F81<>I81, G81<>H81, G81<>I81, H81<>I81), FALSE, OR(F81=G81, F81=H81, F81=I81, G81=H81,G81=I81, H81=I81), TRUE)} -> FALSE | L81: =OR(AND(F81=G81,G81=H81),AND(H81=I81,F81=I81),AND(G81=H81,H81=I81), AND(F81=G81,G81=I81)) -> TRUE | M81: =OR(F81=G81,G81=H81,H81=I81,F81=I81, G81=I81, F81=H81) -> TRUE | N81: =AND(K81=FALSE,L81=FALSE,IF(COUNTIF(F81:I81,F81)>1,TRUE,FALSE),IF(COUNTIF(F81:I81,G81)>1,TRUE,FALSE),IF(COUNTIF(F81:I81,H81)>1,TRUE,FALSE),IF(COUNTIF(F81:I81,I81)>1,TRUE,FALSE)) -> FALSE | O81: =AND(N81=TRUE, COUNTIF(F81:I81, "100")) -> FALSE | P81: {=IFS(K81=TRUE, Q81, L81=TRUE, Q81, N81=FALSE, Q81, F81=G81, Q81, F81=Q81, Q81)} -> 0 | Q81: =MODE(F81:I81) -> 0
A82: 80 | B82: Alt Prime Rd. 1 | C82: 2 | D82: 20220505mouse2_OD_R_4_0_0000016_Structure_0004 | E82: https://drive.google.com/file/d/1XwyLlFnBKHBZaIqf0yVCOJhPiGZaIwQp/view?usp=sharing | F82: 0.5 | G82: 0.5 | H82: 0.5 | J82: =COUNTA(F82:I82) -> 3 | K82: {=IFS(OR(F82="",G82="",H82="",I82=""), FALSE, OR(F82<>G82, F82<>H82, F82<>I82, G82<>H82, G82<>I82, H82<>I82), FALSE, OR(F82=G82, F82=H82, F82=I82, G82=H82,G82=I82, H82=I82), TRUE)} -> FALSE | L82: =OR(AND(F82=G82,G82=H82),AND(H82=I82,F82=I82),AND(G82=H82,H82=I82), AND(F82=G82,G82=I82)) -> TRUE | M82: =OR(F82=G82,G82=H82,H82=I82,F82=I82, G82=I82, F82=H82) -> TRUE | N82: =AND(K82=FALSE,L82=FALSE,IF(COUNTIF(F82:I82,F82)>1,TRUE,FALSE),IF(COUNTIF(F82:I82,G82)>1,TRUE,FALSE),IF(COUNTIF(F82:I82,H82)>1,TRUE,FALSE),IF(COUNTIF(F82:I82,I82)>1,TRUE,FALSE)) -> FALSE | O82: =AND(N82=TRUE, COUNTIF(F82:I82, "100")) -> FALSE | P82: {=IFS(K82=TRUE, Q82, L82=TRUE, Q82, N82=FALSE, Q82, F82=G82, Q82, F82=Q82, Q82)} -> 0.5 | Q82: =MODE(F82:I82) -> 0.5
A83: 81 | B83: Alt Prime Rd. 1 | C83: 2 | D83: 20220505mouse3_OD_R_2_0_0000026_Structure_0001 | E83: https://drive.google.com/file/d/1bOjPUuNgELHgmjRZBQdv8yoLi_d8cGPd/view?usp=sharing | F83: 100 | G83: 100 | H83: 100 | I83: 100 | J83: =COUNTA(F83:I83) -> 4 | K83: {=IFS(OR(F83="",G83="",H83="",I83=""), FALSE, OR(F83<>G83, F83<>H83, F83<>I83, G83<>H83, G83<>I83, H83<>I83), FALSE, OR(F83=G83, F83=H83, F83=I83, G83=H83,G83=I83, H83=I83), TRUE)} -> TRUE | L83: =OR(AND(F83=G83,G83=H83),AND(H83=I83,F83=I83),AND(G83=H83,H83=I83), AND(F83=G83,G83=I83)) -> TRUE | M83: =OR(F83=G83,G83=H83,H83=I83,F83=I83, G83=I83, F83=H83) -> TRUE | N83: =AND(K83=FALSE,L83=FALSE,IF(COUNTIF(F83:I83,F83)>1,TRUE,FALSE),IF(COUNTIF(F83:I83,G83)>1,TRUE,FALSE),IF(COUNTIF(F83:I83,H83)>1,TRUE,FALSE),IF(COUNTIF(F83:I83,I83)>1,TRUE,FALSE)) -> FALSE | O83: =AND(N83=TRUE, COUNTIF(F83:I83, "100")) -> FALSE | P83: {=IFS(K83=TRUE, Q83, L83=TRUE, Q83, N83=FALSE, Q83, F83=G83, Q83, F83=Q83, Q83)} -> 100 | Q83: =MODE(F83:I83) -> 100
A84: 82 | B84: Alt Prime Rd. 1 | C84: 2 | D84: 20220505mouse3_OD_R_2_0_0000026_Structure_0004 | E84: https://drive.google.com/file/d/1aQ7R7iuSaeZmAAiNL_hcsp6xQgokdF-J/view?usp=sharing | F84: 100 | G84: 100 | H84: 100 | J84: =COUNTA(F84:I84) -> 3 | K84: {=IFS(OR(F84="",G84="",H84="",I84=""), FALSE, OR(F84<>G84, F84<>H84, F84<>I84, G84<>H84, G84<>I84, H84<>I84), FALSE, OR(F84=G84, F84=H84, F84=I84, G84=H84,G84=I84, H84=I84), TRUE)} -> FALSE | L84: =OR(AND(F84=G84,G84=H84),AND(H84=I84,F84=I84),AND(G84=H84,H84=I84), AND(F84=G84,G84=I84)) -> TRUE | M84: =OR(F84=G84,G84=H84,H84=I84,F84=I84, G84=I84, F84=H84) -> TRUE | N84: =AND(K84=FALSE,L84=FALSE,IF(COUNTIF(F84:I84,F84)>1,TRUE,FALSE),IF(COUNTIF(F84:I84,G84)>1,TRUE,FALSE),IF(COUNTIF(F84:I84,H84)>1,TRUE,FALSE),IF(COUNTIF(F84:I84,I84)>1,TRUE,FALSE)) -> FALSE | O84: =AND(N84=TRUE, COUNTIF(F84:I84, "100")) -> FALSE | P84: {=IFS(K84=TRUE, Q84, L84=TRUE, Q84, N84=FALSE, Q84, F84=G84, Q84, F84=Q84, Q84)} -> 100 | Q84: =MODE(F84:I84) -> 100
A85: 83 | B85: Alt Prime Rd. 1 | C85: 2 | D85: 20220505mouse3_OD_R_4_0_0000016_Structure_0001 | E85: https://drive.google.com/file/d/1XBWiU_NRhmPloqXKBHwWE-DxjTVIIXW9/view?usp=sharing | F85: 2 | G85: 2 | H85: 0.5 | J85: =COUNTA(F85:I85) -> 3 | K85: {=IFS(OR(F85="",G85="",H85="",I85=""), FALSE, OR(F85<>G85, F85<>H85, F85<>I85, G85<>H85, G85<>I85, H85<>I85), FALSE, OR(F85=G85, F85=H85, F85=I85, G85=H85,G85=I85, H85=I85), TRUE)} -> FALSE | L85: =OR(AND(F85=G85,G85=H85),AND(H85=I85,F85=I85),AND(G85=H85,H85=I85), AND(F85=G85,G85=I85)) -> FALSE | M85: =OR(F85=G85,G85=H85,H85=I85,F85=I85, G85=I85, F85=H85) -> TRUE | N85: =AND(K85=FALSE,L85=FALSE,IF(COUNTIF(F85:I85,F85)>1,TRUE,FALSE),IF(COUNTIF(F85:I85,G85)>1,TRUE,FALSE),IF(COUNTIF(F85:I85,H85)>1,TRUE,FALSE),IF(COUNTIF(F85:I85,I85)>1,TRUE,FALSE)) -> FALSE | O85: =AND(N85=TRUE, COUNTIF(F85:I85, "100")) -> FALSE | P85: {=IFS(K85=TRUE, Q85, L85=TRUE, Q85, N85=FALSE, Q85, F85=G85, Q85, F85=Q85, Q85)} -> 2 | Q85: =MODE(F85:I85) -> 2
A86: 84 | B86: Alt Prime Rd. 1 | C86: 2 | D86: 20220505mouse3_OD_R_4_0_0000016_Structure_0004 | E86: https://drive.google.com/file/d/1n-M1nFcIc7yQyVV29aSQ0zASsluVXIBn/view?usp=sharing | F86: 2 | G86: 2 | H86: 2 | J86: =COUNTA(F86:I86) -> 3 | K86: {=IFS(OR(F86="",G86="",H86="",I86=""), FALSE, OR(F86<>G86, F86<>H86, F86<>I86, G86<>H86, G86<>I86, H86<>I86), FALSE, OR(F86=G86, F86=H86, F86=I86, G86=H86,G86=I86, H86=I86), TRUE)} -> FALSE | L86: =OR(AND(F86=G86,G86=H86),AND(H86=I86,F86=I86),AND(G86=H86,H86=I86), AND(F86=G86,G86=I86)) -> TRUE | M86: =OR(F86=G86,G86=H86,H86=I86,F86=I86, G86=I86, F86=H86) -> TRUE | N86: =AND(K86=FALSE,L86=FALSE,IF(COUNTIF(F86:I86,F86)>1,TRUE,FALSE),IF(COUNTIF(F86:I86,G86)>1,TRUE,FALSE),IF(COUNTIF(F86:I86,H86)>1,TRUE,FALSE),IF(COUNTIF(F86:I86,I86)>1,TRUE,FALSE)) -> FALSE | O86: =AND(N86=TRUE, COUNTIF(F86:I86, "100")) -> FALSE | P86: {=IFS(K86=TRUE, Q86, L86=TRUE, Q86, N86=FALSE, Q86, F86=G86, Q86, F86=Q86, Q86)} -> 2 | Q86: =MODE(F86:I86) -> 2
A87: 85 | B87: Alt Prime Rd. 1 | C87: 2 | D87: 20220505mouse4_OD_R_2_0_0000016_Structure_0001 | E87: https://drive.google.com/file/d/1uMzj51JoNDwmOmm69tDXcWXV2mAHVnWr/view?usp=sharing | F87: 0.5 | G87: 0.5 | H87: 100 | J87: =COUNTA(F87:I87) -> 3 | K87: {=IFS(OR(F87="",G87="",H87="",I87=""), FALSE, OR(F87<>G87, F87<>H87, F87<>I87, G87<>H87, G87<>I87, H87<>I87), FALSE, OR(F87=G87, F87=H87, F87=I87, G87=H87,G87=I87, H87=I87), TRUE)} -> FALSE | L87: =OR(AND(F87=G87,G87=H87),AND(H87=I87,F87=I87),AND(G87=H87,H87=I87), AND(F87=G87,G87=I87)) -> FALSE | M87: =OR(F87=G87,G87=H87,H87=I87,F87=I87, G87=I87, F87=H87) -> TRUE | N87: =AND(K87=FALSE,L87=FALSE,IF(COUNTIF(F87:I87,F87)>1,TRUE,FALSE),IF(COUNTIF(F87:I87,G87)>1,TRUE,FALSE),IF(COUNTIF(F87:I87,H87)>1,TRUE,FALSE),IF(COUNTIF(F87:I87,I87)>1,TRUE,FALSE)) -> FALSE | O87: =AND(N87=TRUE, COUNTIF(F87:I87, "100")) -> FALSE | P87: {=IFS(K87=TRUE, Q87, L87=TRUE, Q87, N87=FALSE, Q87, F87=G87, Q87, F87=Q87, Q87)} -> 0.5 | Q87: =MODE(F87:I87) -> 0.5
A88: 86 | B88: Alt Prime Rd. 1 | C88: 2 | D88: 20220505mouse4_OD_R_2_0_0000016_Structure_0004 | E88: https://drive.google.com/file/d/1erb9BcxBV_Au-9qnYk7g4xcwVqlf7Fy6/view?usp=sharing | F88: 100 | G88: 1 | H88: 1 | I88: 100 | J88: =COUNTA(F88:I88) -> 4 | K88: {=IFS(OR(F88="",G88="",H88="",I88=""), FALSE, OR(F88<>G88, F88<>H88, F88<>I88, G88<>H88, G88<>I88, H88<>I88), FALSE, OR(F88=G88, F88=H88, F88=I88, G88=H88,G88=I88, H88=I88), TRUE)} -> FALSE | L88: =OR(AND(F88=G88,G88=H88),AND(H88=I88,F88=I88),AND(G88=H88,H88=I88), AND(F88=G88,G88=I88)) -> FALSE | M88: =OR(F88=G88,G88=H88,H88=I88,F88=I88, G88=I88, F88=H88) -> TRUE | N88: =AND(K88=FALSE,L88=FALSE,IF(COUNTIF(F88:I88,F88)>1,TRUE,FALSE),IF(COUNTIF(F88:I88,G88)>1,TRUE,FALSE),IF(COUNTIF(F88:I88,H88)>1,TRUE,FALSE),IF(COUNTIF(F88:I88,I88)>1,TRUE,FALSE)) -> TRUE | O88: =AND(N88=TRUE, COUNTIF(F88:I88, "100")) -> TRUE | P88: {=IFS(K88=TRUE, Q88, L88=TRUE, Q88, N88=FALSE, Q88, F88=G88, Q88, F88=Q88, Q88)} -> 100 | Q88: =MODE(F88:I88) -> 100
A89: 87 | B89: Alt Prime Rd. 1 | C89: 2 | D89: 20220505mouse4_OD_R_4_0_0000026_Structure_0001 | E89: https://drive.google.com/file/d/1KqpfKSWm2FE5mDVRAkAn-qXBtY5yGC9j/view?usp=sharing | F89: 100 | G89: 0.5 | H89: 100 | I89: 0.5 | J89: =COUNTA(F89:I89) -> 4 | K89: {=IFS(OR(F89="",G89="",H89="",I89=""), FALSE, OR(F89<>G89, F89<>H89, F89<>I89, G89<>H89, G89<>I89, H89<>I89), FALSE, OR(F89=G89, F89=H89, F89=I89, G89=H89,G89=I89, H89=I89), TRUE)} -> FALSE | L89: =OR(AND(F89=G89,G89=H89),AND(H89=I89,F89=I89),AND(G89=H89,H89=I89), AND(F89=G89,G89=I89)) -> FALSE | M89: =OR(F89=G89,G89=H89,H89=I89,F89=I89, G89=I89, F89=H89) -> TRUE | N89: =AND(K89=FALSE,L89=FALSE,IF(COUNTIF(F89:I89,F89)>1,TRUE,FALSE),IF(COUNTIF(F89:I89,G89)>1,TRUE,FALSE),IF(COUNTIF(F89:I89,H89)>1,TRUE,FALSE),IF(COUNTIF(F89:I89,I89)>1,TRUE,FALSE)) -> TRUE | O89: =AND(N89=TRUE, COUNTIF(F89:I89, "100")) -> TRUE | P89: {=IFS(K89=TRUE, Q89, L89=TRUE, Q89, N89=FALSE, Q89, F89=G89, Q89, F89=Q89, Q89)} -> 100 | Q89: =MODE(F89:I89) -> 100
A90: 88 | B90: Alt Prime Rd. 1 | C90: 2 | D90: 20220505mouse4_OD_R_4_0_0000026_Structure_0004 | E90: https://drive.google.com/file/d/1WeHax89bxh3x6Q30h5f7N7hbOPMvVnDd/view?usp=sharing | F90: 2 | G90: 2 | H90: 2 | J90: =COUNTA(F90:I90) -> 3 | K90: {=IFS(OR(F90="",G90="",H90="",I90=""), FALSE, OR(F90<>G90, F90<>H90, F90<>I90, G90<>H90, G90<>I90, H90<>I90), FALSE, OR(F90=G90, F90=H90, F90=I90, G90=H90,G90=I90, H90=I90), TRUE)} -> FALSE | L90: =OR(AND(F90=G90,G90=H90),AND(H90=I90,F90=I90),AND(G90=H90,H90=I90), AND(F90=G90,G90=I90)) -> TRUE | M90: =OR(F90=G90,G90=H90,H90=I90,F90=I90, G90=I90, F90=H90) -> TRUE | N90: =AND(K90=FALSE,L90=FALSE,IF(COUNTIF(F90:I90,F90)>1,TRUE,FALSE),IF(COUNTIF(F90:I90,G90)>1,TRUE,FALSE),IF(COUNTIF(F90:I90,H90)>1,TRUE,FALSE),IF(COUNTIF(F90:I90,I90)>1,TRUE,FALSE)) -> FALSE | O90: =AND(N90=TRUE, COUNTIF(F90:I90, "100")) -> FALSE | P90: {=IFS(K90=TRUE, Q90, L90=TRUE, Q90, N90=FALSE, Q90, F90=G90, Q90, F90=Q90, Q90)} -> 2 | Q90: =MODE(F90:I90) -> 2
A91: 89 | B91: Alt Prime Rd. 1 | C91: 2 | D91: 20220505mouse5_OD_R_2_0_0000026_Structure_0001 | E91: https://drive.google.com/file/d/1yDNchWcVg48eFmasVDu5x0sdGCTxjlom/view?usp=sharing | F91: 100 | G91: 100 | H91: 100 | J91: =COUNTA(F91:I91) -> 3 | K91: {=IFS(OR(F91="",G91="",H91="",I91=""), FALSE, OR(F91<>G91, F91<>H91, F91<>I91, G91<>H91, G91<>I91, H91<>I91), FALSE, OR(F91=G91, F91=H91, F91=I91, G91=H91,G91=I91, H91=I91), TRUE)} -> FALSE | L91: =OR(AND(F91=G91,G91=H91),AND(H91=I91,F91=I91),AND(G91=H91,H91=I91), AND(F91=G91,G91=I91)) -> TRUE | M91: =OR(F91=G91,G91=H91,H91=I91,F91=I91, G91=I91, F91=H91) -> TRUE | N91: =AND(K91=FALSE,L91=FALSE,IF(COUNTIF(F91:I91,F91)>1,TRUE,FALSE),IF(COUNTIF(F91:I91,G91)>1,TRUE,FALSE),IF(COUNTIF(F91:I91,H91)>1,TRUE,FALSE),IF(COUNTIF(F91:I91,I91)>1,TRUE,FALSE)) -> FALSE | O91: =AND(N91=TRUE, COUNTIF(F91:I91, "100")) -> FALSE | P91: {=IFS(K91=TRUE, Q91, L91=TRUE, Q91, N91=FALSE, Q91, F91=G91, Q91, F91=Q91, Q91)} -> 100 | Q91: =MODE(F91:I91) -> 100
A92: 90 | B92: Alt Prime Rd. 1 | C92: 2 | D92: 20220505mouse5_OD_R_2_0_0000026_Structure_0004 | E92: https://drive.google.com/file/d/1gWY2YLgMLWa1sy2L1ElKigkBpjQ37gmh/view?usp=sharing | F92: 100 | G92: 100 | H92: 100 | J92: =COUNTA(F92:I92) -> 3 | K92: {=IFS(OR(F92="",G92="",H92="",I92=""), FALSE, OR(F92<>G92, F92<>H92, F92<>I92, G92<>H92, G92<>I92, H92<>I92), FALSE, OR(F92=G92, F92=H92, F92=I92, G92=H92,G92=I92, H92=I92), TRUE)} -> FALSE | L92: =OR(AND(F92=G92,G92=H92),AND(H92=I92,F92=I92),AND(G92=H92,H92=I92), AND(F92=G92,G92=I92)) -> TRUE | M92: =OR(F92=G92,G92=H92,H92=I92,F92=I92, G92=I92, F92=H92) -> TRUE | N92: =AND(K92=FALSE,L92=FALSE,IF(COUNTIF(F92:I92,F92)>1,TRUE,FALSE),IF(COUNTIF(F92:I92,G92)>1,TRUE,FALSE),IF(COUNTIF(F92:I92,H92)>1,TRUE,FALSE),IF(COUNTIF(F92:I92,I92)>1,TRUE,FALSE)) -> FALSE | O92: =AND(N92=TRUE, COUNTIF(F92:I92, "100")) -> FALSE | P92: {=IFS(K92=TRUE, Q92, L92=TRUE, Q92, N92=FALSE, Q92, F92=G92, Q92, F92=Q92, Q92)} -> 100 | Q92: =MODE(F92:I92) -> 100
A93: 91 | B93: Alt Prime Rd. 1 | C93: 2 | D93: 20220505mouse5_OD_R_4_0_0000016_Structure_0001 | E93: https://drive.google.com/file/d/1Of4iw2GXQJLfRXhs4A_1MVEIm7jrclCZ/view?usp=sharing | F93: 100 | G93: 100 | H93: 100 | J93: =COUNTA(F93:I93) -> 3 | K93: {=IFS(OR(F93="",G93="",H93="",I93=""), FALSE, OR(F93<>G93, F93<>H93, F93<>I93, G93<>H93, G93<>I93, H93<>I93), FALSE, OR(F93=G93, F93=H93, F93=I93, G93=H93,G93=I93, H93=I93), TRUE)} -> FALSE | L93: =OR(AND(F93=G93,G93=H93),AND(H93=I93,F93=I93),AND(G93=H93,H93=I93), AND(F93=G93,G93=I93)) -> TRUE | M93: =OR(F93=G93,G93=H93,H93=I93,F93=I93, G93=I93, F93=H93) -> TRUE | N93: =AND(K93=FALSE,L93=FALSE,IF(COUNTIF(F93:I93,F93)>1,TRUE,FALSE),IF(COUNTIF(F93:I93,G93)>1,TRUE,FALSE),IF(COUNTIF(F93:I93,H93)>1,TRUE,FALSE),IF(COUNTIF(F93:I93,I93)>1,TRUE,FALSE)) -> FALSE | O93: =AND(N93=TRUE, COUNTIF(F93:I93, "100")) -> FALSE | P93: {=IFS(K93=TRUE, Q93, L93=TRUE, Q93, N93=FALSE, Q93, F93=G93, Q93, F93=Q93, Q93)} -> 100 | Q93: =MODE(F93:I93) -> 100
A94: 92 | B94: Alt Prime Rd. 1 | C94: 2 | D94: 20220505mouse5_OD_R_4_0_0000016_Structure_0004 | E94: https://drive.google.com/file/d/1lP85Wpu7gnsNajtL7gI6Wp-miP3mfio5/view?usp=sharing | F94: 100 | G94: 100 | H94: 100 | J94: =COUNTA(F94:I94) -> 3 | K94: {=IFS(OR(F94="",G94="",H94="",I94=""), FALSE, OR(F94<>G94, F94<>H94, F94<>I94, G94<>H94, G94<>I94, H94<>I94), FALSE, OR(F94=G94, F94=H94, F94=I94, G94=H94,G94=I94, H94=I94), TRUE)} -> FALSE | L94: =OR(AND(F94=G94,G94=H94),AND(H94=I94,F94=I94),AND(G94=H94,H94=I94), AND(F94=G94,G94=I94)) -> TRUE | M94: =OR(F94=G94,G94=H94,H94=I94,F94=I94, G94=I94, F94=H94) -> TRUE | N94: =AND(K94=FALSE,L94=FALSE,IF(COUNTIF(F94:I94,F94)>1,TRUE,FALSE),IF(COUNTIF(F94:I94,G94)>1,TRUE,FALSE),IF(COUNTIF(F94:I94,H94)>1,TRUE,FALSE),IF(COUNTIF(F94:I94,I94)>1,TRUE,FALSE)) -> FALSE | O94: =AND(N94=TRUE, COUNTIF(F94:I94, "100")) -> FALSE | P94: {=IFS(K94=TRUE, Q94, L94=TRUE, Q94, N94=FALSE, Q94, F94=G94, Q94, F94=Q94, Q94)} -> 100 | Q94: =MODE(F94:I94) -> 100
A95: 93 | B95: Alt Prime Rd. 1 | C95: 2 | D95: 20220505mouse6_OD_R_2_0_0000016_Structure_0001 | E95: https://drive.google.com/file/d/1W_qqCrd6Z6iKKqEusVg7qf-9oT6YTQhm/view?usp=sharing | F95: 100 | G95: 100 | H95: 100 | J95: =COUNTA(F95:I95) -> 3 | K95: {=IFS(OR(F95="",G95="",H95="",I95=""), FALSE, OR(F95<>G95, F95<>H95, F95<>I95, G95<>H95, G95<>I95, H95<>I95), FALSE, OR(F95=G95, F95=H95, F95=I95, G95=H95,G95=I95, H95=I95), TRUE)} -> FALSE | L95: =OR(AND(F95=G95,G95=H95),AND(H95=I95,F95=I95),AND(G95=H95,H95=I95), AND(F95=G95,G95=I95)) -> TRUE | M95: =OR(F95=G95,G95=H95,H95=I95,F95=I95, G95=I95, F95=H95) -> TRUE | N95: =AND(K95=FALSE,L95=FALSE,IF(COUNTIF(F95:I95,F95)>1,TRUE,FALSE),IF(COUNTIF(F95:I95,G95)>1,TRUE,FALSE),IF(COUNTIF(F95:I95,H95)>1,TRUE,FALSE),IF(COUNTIF(F95:I95,I95)>1,TRUE,FALSE)) -> FALSE | O95: =AND(N95=TRUE, COUNTIF(F95:I95, "100")) -> FALSE | P95: {=IFS(K95=TRUE, Q95, L95=TRUE, Q95, N95=FALSE, Q95, F95=G95, Q95, F95=Q95, Q95)} -> 100 | Q95: =MODE(F95:I95) -> 100
A96: 94 | B96: Alt Prime Rd. 1 | C96: 2 | D96: 20220505mouse6_OD_R_2_0_0000016_Structure_0004 | E96: https://drive.google.com/file/d/1Bxt0avF18ZRT0R1zy0DR-yy4xJvO3-ZF/view?usp=sharing | F96: 100 | G96: 100 | H96: 100 | I96: 100 | J96: =COUNTA(F96:I96) -> 4 | K96: {=IFS(OR(F96="",G96="",H96="",I96=""), FALSE, OR(F96<>G96, F96<>H96, F96<>I96, G96<>H96, G96<>I96, H96<>I96), FALSE, OR(F96=G96, F96=H96, F96=I96, G96=H96,G96=I96, H96=I96), TRUE)} -> TRUE | L96: =OR(AND(F96=G96,G96=H96),AND(H96=I96,F96=I96),AND(G96=H96,H96=I96), AND(F96=G96,G96=I96)) -> TRUE | M96: =OR(F96=G96,G96=H96,H96=I96,F96=I96, G96=I96, F96=H96) -> TRUE | N96: =AND(K96=FALSE,L96=FALSE,IF(COUNTIF(F96:I96,F96)>1,TRUE,FALSE),IF(COUNTIF(F96:I96,G96)>1,TRUE,FALSE),IF(COUNTIF(F96:I96,H96)>1,TRUE,FALSE),IF(COUNTIF(F96:I96,I96)>1,TRUE,FALSE)) -> FALSE | O96: =AND(N96=TRUE, COUNTIF(F96:I96, "100")) -> FALSE | P96: {=IFS(K96=TRUE, Q96, L96=TRUE, Q96, N96=FALSE, Q96, F96=G96, Q96, F96=Q96, Q96)} -> 100 | Q96: =MODE(F96:I96) -> 100
A97: 95 | B97: Alt Prime Rd. 1 | C97: 2 | D97: 20220505mouse6_OD_R_4_0_0000026_Structure_0001 | E97: https://drive.google.com/file/d/1b50lxtUHLlEtuXkE1JoY9G3AHGPWrXHn/view?usp=sharing | F97: 4 | G97: 4 | H97: 4 | J97: =COUNTA(F97:I97) -> 3 | K97: {=IFS(OR(F97="",G97="",H97="",I97=""), FALSE, OR(F97<>G97, F97<>H97, F97<>I97, G97<>H97, G97<>I97, H97<>I97), FALSE, OR(F97=G97, F97=H97, F97=I97, G97=H97,G97=I97, H97=I97), TRUE)} -> FALSE | L97: =OR(AND(F97=G97,G97=H97),AND(H97=I97,F97=I97),AND(G97=H97,H97=I97), AND(F97=G97,G97=I97)) -> TRUE | M97: =OR(F97=G97,G97=H97,H97=I97,F97=I97, G97=I97, F97=H97) -> TRUE | N97: =AND(K97=FALSE,L97=FALSE,IF(COUNTIF(F97:I97,F97)>1,TRUE,FALSE),IF(COUNTIF(F97:I97,G97)>1,TRUE,FALSE),IF(COUNTIF(F97:I97,H97)>1,TRUE,FALSE),IF(COUNTIF(F97:I97,I97)>1,TRUE,FALSE)) -> FALSE | O97: =AND(N97=TRUE, COUNTIF(F97:I97, "100")) -> FALSE | P97: {=IFS(K97=TRUE, Q97, L97=TRUE, Q97, N97=FALSE, Q97, F97=G97, Q97, F97=Q97, Q97)} -> 4 | Q97: =MODE(F97:I97) -> 4
A98: 96 | B98: Alt Prime Rd. 1 | C98: 2 | D98: 20220505mouse6_OD_R_4_0_0000026_Structure_0004 | E98: https://drive.google.com/file/d/1D88G8-qfIGVvqSoIeGmw1g6hNfX7Alzw/view?usp=sharing | F98: 4 | G98: 3 | H98: 3 | J98: =COUNTA(F98:I98) -> 3 | K98: {=IFS(OR(F98="",G98="",H98="",I98=""), FALSE, OR(F98<>G98, F98<>H98, F98<>I98, G98<>H98, G98<>I98, H98<>I98), FALSE, OR(F98=G98, F98=H98, F98=I98, G98=H98,G98=I98, H98=I98), TRUE)} -> FALSE | L98: =OR(AND(F98=G98,G98=H98),AND(H98=I98,F98=I98),AND(G98=H98,H98=I98), AND(F98=G98,G98=I98)) -> FALSE | M98: =OR(F98=G98,G98=H98,H98=I98,F98=I98, G98=I98, F98=H98) -> TRUE | N98: =AND(K98=FALSE,L98=FALSE,IF(COUNTIF(F98:I98,F98)>1,TRUE,FALSE),IF(COUNTIF(F98:I98,G98)>1,TRUE,FALSE),IF(COUNTIF(F98:I98,H98)>1,TRUE,FALSE),IF(COUNTIF(F98:I98,I98)>1,TRUE,FALSE)) -> FALSE | O98: =AND(N98=TRUE, COUNTIF(F98:I98, "100")) -> FALSE | P98: {=IFS(K98=TRUE, Q98, L98=TRUE, Q98, N98=FALSE, Q98, F98=G98, Q98, F98=Q98, Q98)} -> 3 | Q98: =MODE(F98:I98) -> 3
A99: 97 | B99: Alt Prime Rd. 1 | C99: 2 | D99: 20220505mouse7_OD_R_2_0_0000026_Structure_0001 | E99: https://drive.google.com/file/d/1Yu2_rJcFQ0T0IFWzhISwzUL9iCujWCvB/view?usp=sharing | F99: 0.5 | G99: 0.5 | H99: 0.5 | J99: =COUNTA(F99:I99) -> 3 | K99: {=IFS(OR(F99="",G99="",H99="",I99=""), FALSE, OR(F99<>G99, F99<>H99, F99<>I99, G99<>H99, G99<>I99, H99<>I99), FALSE, OR(F99=G99, F99=H99, F99=I99, G99=H99,G99=I99, H99=I99), TRUE)} -> FALSE | L99: =OR(AND(F99=G99,G99=H99),AND(H99=I99,F99=I99),AND(G99=H99,H99=I99), AND(F99=G99,G99=I99)) -> TRUE | M99: =OR(F99=G99,G99=H99,H99=I99,F99=I99, G99=I99, F99=H99) -> TRUE | N99: =AND(K99=FALSE,L99=FALSE,IF(COUNTIF(F99:I99,F99)>1,TRUE,FALSE),IF(COUNTIF(F99:I99,G99)>1,TRUE,FALSE),IF(COUNTIF(F99:I99,H99)>1,TRUE,FALSE),IF(COUNTIF(F99:I99,I99)>1,TRUE,FALSE)) -> FALSE | O99: =AND(N99=TRUE, COUNTIF(F99:I99, "100")) -> FALSE | P99: {=IFS(K99=TRUE, Q99, L99=TRUE, Q99, N99=FALSE, Q99, F99=G99, Q99, F99=Q99, Q99)} -> 0.5 | Q99: =MODE(F99:I99) -> 0.5
A100: 98 | B100: Alt Prime Rd. 1 | C100: 2 | D100: 20220505mouse7_OD_R_2_0_0000026_Structure_0004 | E100: https://drive.google.com/file/d/1DTSpV9IBg9f1a5Rapy5GlF3fgfZs1nPX/view?usp=sharing | F100: 0.5 | G100: 0.5 | H100: 0.5 | I100: 0.5 | J100: =COUNTA(F100:I100) -> 4 | K100: {=IFS(OR(F100="",G100="",H100="",I100=""), FALSE, OR(F100<>G100, F100<>H100, F100<>I100, G100<>H100, G100<>I100, H100<>I100), FALSE, OR(F100=G100, F100=H100, F100=I100, G100=H100,G100=I100, H100=I100), TRUE)} -> TRUE | L100: =OR(AND(F100=G100,G100=H100),AND(H100=I100,F100=I100),AND(G100=H100,H100=I100), AND(F100=G100,G100=I100)) -> TRUE | M100: =OR(F100=G100,G100=H100,H100=I100,F100=I100, G100=I100, F100=H100) -> TRUE | N100: =AND(K100=FALSE,L100=FALSE,IF(COUNTIF(F100:I100,F100)>1,TRUE,FALSE),IF(COUNTIF(F100:I100,G100)>1,TRUE,FALSE),IF(COUNTIF(F100:I100,H100)>1,TRUE,FALSE),IF(COUNTIF(F100:I100,I100)>1,TRUE,FALSE)) -> FALSE | O100: =AND(N100=TRUE, COUNTIF(F100:I100, "100")) -> FALSE | P100: {=IFS(K100=TRUE, Q100, L100=TRUE, Q100, N100=FALSE, Q100, F100=G100, Q100, F100=Q100, Q100)} -> 0.5 | Q100: =MODE(F100:I100) -> 0.5
...

Sheet Score Tally
F2: ARVO Data | H2: Total w/ Score Sheet + ARVO
B3: Tally | C3: # Images/ Score | D3: PC Images (_2_) | E3: AC Images (_4_) | F3: ARVO - PC | G3: ARVO - AC | H3: PC | I3: AC
B4: Score 0 | C4: =COUNTIF('Score Sheet'!P:P,0) -> 1285 | D4: =COUNTIFS('Score Sheet'!P:P, "0",'Score Sheet'!D:D, "*_2_*") -> 474 | E4: =COUNTIFS('Score Sheet'!P:P, "0",'Score Sheet'!D:D,"*_4_*") -> 811 | F4: 206 | G4: 344 | H4: =SUM(D4,F4) -> 680 | I4: =sum(E4,G4) -> 1155
B5: Score 0.5 | C5: =COUNTIF('Score Sheet'!P:P,0.5) -> 759 | D5: =COUNTIFS('Score Sheet'!P:P, "0.5",'Score Sheet'!D:D, "*_2_*") -> 391 | E5: =COUNTIFS('Score Sheet'!P:P, "0.5",'Score Sheet'!D:D,"*_4_*") -> 368 | F5: 147 | G5: 131 | H5: =SUM(D5,F5) -> 538 | I5: =sum(E5,G5) -> 499
B6: Score 1 | C6: =COUNTIF('Score Sheet'!P:P,1) -> 596 | D6: =COUNTIFS('Score Sheet'!P:P, "1",'Score Sheet'!D:D, "*_2_*") -> 372 | E6: =COUNTIFS('Score Sheet'!P:P, "1",'Score Sheet'!D:D,"*_4_*") -> 224 | F6: 113 | G6: 140 | H6: =SUM(D6,F6) -> 485 | I6: =sum(E6,G6) -> 364
B7: Score 2 | C7: =COUNTIF('Score Sheet'!P:P,2) -> 650 | D7: =COUNTIFS('Score Sheet'!P:P, "2",'Score Sheet'!D:D, "*_2_*") -> 329 | E7: =COUNTIFS('Score Sheet'!P:P, "2",'Score Sheet'!D:D,"*_4_*") -> 321 | F7: 153 | G7: 128 | H7: =SUM(D7,F7) -> 482 | I7: =sum(E7,G7) -> 449
B8: Score 3 | C8: =COUNTIF('Score Sheet'!P:P,3) -> 294 | D8: =COUNTIFS('Score Sheet'!P:P, "3",'Score Sheet'!D:D, "*_2_*") -> 172 | E8: =COUNTIFS('Score Sheet'!P:P, "3",'Score Sheet'!D:D,"*_4_*") -> 122 | F8: 68 | G8: 63 | H8: =SUM(D8,F8) -> 240 | I8: =sum(E8,G8) -> 185
B9: Score 4 | C9: =COUNTIF('Score Sheet'!P:P,4) -> 219 | D9: =COUNTIFS('Score Sheet'!P:P, "4",'Score Sheet'!D:D, "*_2_*") -> 137 | E9: =COUNTIFS('Score Sheet'!P:P, "4",'Score Sheet'!D:D,"*_4_*") -> 82 | F9: 97 | G9: 63 | H9: =SUM(D9,F9) -> 234 | I9: =sum(E9,G9) -> 145
B10: Score n/a (100) | C10: =COUNTIF('Score Sheet'!P:P,100) -> 167 | D10: =COUNTIFS('Score Sheet'!P:P, "100",'Score Sheet'!D:D, "*_2_*") -> 136 | E10: =COUNTIFS('Score Sheet'!P:P, "100",'Score Sheet'!D:D,"*_4_*") -> 31 | F10: 24 | H10: =SUM(D10,F10) -> 160 | I10: =sum(E10,G10) -> 31
B11: Total: | C11: =SUM(C4:C10) -> 3970 | D11: =SUM(D4:D10) -> 2011 | E11: =SUM(E4:E10) -> 1959 | F11: =SUM(F4:F10) -> 808 | G11: =SUM(G4:G10) -> 869 | H11: =SUM(H4:H10) -> 2819 | I11: =SUM(I4:I10) -> 2828
F12: =sum(F11:G11) -> 1677
B13: AC/PC Sum: | C13: =SUM(D11:E11) -> 3970
B14: # Images Removed from Set | C14: 1

Sheet Text Only (NO formulas)
A1: Ordering | B1: Experiment Name | C1: Day of Experiment | D1: TIFF Name | E1: Link to Image | F1: KP score | G1: LW score | H1: KC score | I1: XP score | J1: # of Graders Scored | K1: 4/4 Graders Agree? | L1: 3/4 graders agree | M1: 2/4 graders agree | N1: 50/50 Split | O1: T/F if na of 50/50 Split | P1: Final Score | Q1: Mode | R1: Notes
A2: 0 | B2: 3971 | C2: 3971 | D2: 3971 | E2: 3971 | F2: 2128 | G2: 3928 | H2: 3670 | I2: 3127
A3: 1 | B3: Alt Prime Rd. 1 | C3: 1 | D3: 20220505mouse1_OD_R_2_0_0000002_Structure_0001D1 | E3: https://drive.google.com/file/d/16tNrWXMBbGIJLVTsPcJhp7jgVACRNegl/view?usp=sharing | F3: 2 | G3: 2 | H3: 2 | I3: 2 | J3: 4 | K3: TRUE | L3: TRUE | M3: TRUE | N3: FALSE | O3: FALSE | P3: 2 | Q3: 2
A4: 2 | B4: Alt Prime Rd. 1 | C4: 1 | D4: 20220505mouse1_OD_R_2_0_0000002_Structure_0002D1 | E4: https://drive.google.com/file/d/1E6yqvKyP7535UL_GEGFwMB_LsfavBr5p/view?usp=sharing | F4: 2 | G4: 2 | H4: 2 | I4: 2 | J4: 4 | K4: TRUE | L4: TRUE | M4: TRUE | N4: FALSE | O4: FALSE | P4: 2 | Q4: 2 | W4: ARVO Data | Y4: Total w/ Score Sheet + ARVO
A5: 3 | B5: Alt Prime Rd. 1 | C5: 1 | D5: 20220505mouse1_OD_R_2_0_0000002_Structure_0003D1 | E5: https://drive.google.com/file/d/1O76_BFFW5AhLFKfsdh3fRPvqEhQv1Vrg/view?usp=sharing | F5: 2 | G5: 2 | H5: 2 | I5: 2 | J5: 4 | K5: TRUE | L5: TRUE | M5: TRUE | N5: FALSE | O5: FALSE | P5: 2 | Q5: 2 | S5: Tally | T5: # Images/ Score | U5: PC Images (_2_) | V5: AC Images (_4_) | W5: ARVO - PC | X5: ARVO - AC | Y5: PC | Z5: AC
A6: 4 | B6: Alt Prime Rd. 1 | C6: 1 | D6: 20220505mouse1_OD_R_2_0_0000002_Structure_0004D1 | E6: https://drive.google.com/file/d/17InvZsVYM3wxw1CQ68Jj7U-6UGwp2CEY/view?usp=sharing | F6: 2 | G6: 2 | H6: 2 | I6: 2 | J6: 4 | K6: TRUE | L6: TRUE | M6: TRUE | N6: FALSE | O6: FALSE | P6: 2 | Q6: 2 | S6: Score 0 | T6: 1285 | U6: 474 | V6: 811 | W6: 206 | X6: 344 | Y6: 680 | Z6: 1155
A7: 5 | B7: Alt Prime Rd. 1 | C7: 1 | D7: 20220505mouse1_OD_R_4_0_0000009_Structure_0001D1 | E7: https://drive.google.com/file/d/1oQHTMcFO_RZ4HjMNfRzamPrpeFFis1oU/view?usp=sharing | F7: 1 | G7: 0.5 | H7: 1 | I7: 0.5 | J7: 4 | K7: FALSE | L7: FALSE | M7: TRUE | N7: TRUE | O7: FALSE | P7: 1 | Q7: 1 | S7: Score 0.5 | T7: 759 | U7: 391 | V7: 368 | W7: 147 | X7: 131 | Y7: 538 | Z7: 499
A8: 6 | B8: Alt Prime Rd. 1 | C8: 1 | D8: 20220505mouse1_OD_R_4_0_0000009_Structure_0002D1 | E8: https://drive.google.com/file/d/1mtU3TLB5IODf-xBWLZ_mPu35HQvsjrlb/view?usp=drive_link | F8: 1 | G8: 1 | H8: 1 | J8: 3 | K8: FALSE | L8: TRUE | M8: TRUE | N8: FALSE | O8: FALSE | P8: 1 | Q8: 1 | S8: Score 1 | T8: 596 | U8: 372 | V8: 224 | W8: 113 | X8: 140 | Y8: 485 | Z8: 364
A9: 7 | B9: Alt Prime Rd. 1 | C9: 1 | D9: 20220505mouse1_OD_R_4_0_0000009_Structure_0003D1 | E9: https://drive.google.com/file/d/1w_pQSRD31zRuvz49ekXdmLEfLlikcpf5/view?usp=sharing | F9: 2 | G9: 2 | H9: 1 | I9: 2 | J9: 4 | K9: FALSE | L9: TRUE | M9: TRUE | N9: FALSE | O9: FALSE | P9: 2 | Q9: 2 | S9: Score 2 | T9: 650 | U9: 329 | V9: 321 | W9: 153 | X9: 128 | Y9: 482 | Z9: 449
A10: 8 | B10: Alt Prime Rd. 1 | C10: 1 | D10: 20220505mouse1_OD_R_4_0_0000009_Structure_0004D1 | E10: https://drive.google.com/file/d/1MDZSz-goWbY9afJAjOb3JEZkQHdHt6qy/view?usp=drive_link | F10: 2 | G10: 2 | H10: 0.5 | J10: 3 | K10: FALSE | L10: FALSE | M10: TRUE | N10: FALSE | O10: FALSE | P10: 2 | Q10: 2 | S10: Score 3 | T10: 294 | U10: 172 | V10: 122 | W10: 68 | X10: 63 | Y10: 240 | Z10: 185
A11: 9 | B11: Alt Prime Rd. 1 | C11: 1 | D11: 20220505mouse2_OD_R_2_0_0000009_Structure_0001 | E11: https://drive.google.com/file/d/1_6p84kHnBbg8dqBRDHkadbBYQlexQBqf/view?usp=sharing | F11: 2 | G11: 2 | H11: 3 | I11: 2 | J11: 4 | K11: FALSE | L11: TRUE | M11: TRUE | N11: FALSE | O11: FALSE | P11: 2 | Q11: 2 | S11: Score 4 | T11: 219 | U11: 137 | V11: 82 | W11: 97 | X11: 63 | Y11: 234 | Z11: 145
A12: 10 | B12: Alt Prime Rd. 1 | C12: 1 | D12: 20220505mouse2_OD_R_2_0_0000009_Structure_0002 | E12: https://drive.google.com/file/d/1r0qbYe1s1sX2BP6kMRo3wQGGt8SldcpJ/view?usp=drive_link | F12: 1 | H12: 2 | I12: 2 | J12: 3 | K12: FALSE | L12: FALSE | M12: TRUE | N12: FALSE | O12: FALSE | P12: 2 | Q12: 2 | S12: Score n/a (100) | T12: 167 | U12: 136 | V12: 31 | W12: 24 | Y12: 160 | Z12: 31
A13: 11 | B13: Alt Prime Rd. 1 | C13: 1 | D13: 20220505mouse2_OD_R_2_0_0000009_Structure_0003 | E13: https://drive.google.com/file/d/1OWwwytHPsVPefD4v4iH9zfFsDETkq9gI/view?usp=sharing | F13: 1 | G13: 2 | H13: 2 | I13: 2 | J13: 4 | K13: FALSE | L13: TRUE | M13: TRUE | N13: FALSE | O13: FALSE | P13: 2 | Q13: 2 | S13: Total: | T13: 3970 | U13: 2011 | V13: 1959 | W13: 808 | X13: 869 | Y13: 2819 | Z13: 2828
A14: 12 | B14: Alt Prime Rd. 1 | C14: 1 | D14: 20220505mouse2_OD_R_2_0_0000009_Structure_0004 | E14: https://drive.google.com/file/d/1VS4YBP8KdMlY0qj8HFn4Xna0xnQI0R3y/view?usp=drive_link | F14: 1 | H14: 2 | I14: 2 | J14: 3 | K14: FALSE | L14: FALSE | M14: TRUE | N14: FALSE | O14: FALSE | P14: 2 | Q14: 2 | W14: 1677
A15: 13 | B15: Alt Prime Rd. 1 | C15: 1 | D15: 20220505mouse2_OD_R_4_0_0000002_Structure_0001 | E15: https://drive.google.com/file/d/1yZKIFNu1jW6bE0G39dtjcNpMuRffYG1A/view?usp=sharing | F15: 0.5 | G15: 0 | H15: 0.5 | I15: 0.5 | J15: 4 | K15: FALSE | L15: TRUE | M15: TRUE | N15: FALSE | O15: FALSE | P15: 0.5 | Q15: 0.5 | S15: AC/PC Sum: | T15: 3970
A16: 14 | B16: Alt Prime Rd. 1 | C16: 1 | D16: 20220505mouse2_OD_R_4_0_0000002_Structure_0002 | E16: https://drive.google.com/file/d/1xpltJOeFc5d-wI86cZFAHn4_XqTl2tdK/view?usp=drive_link | F16: 1 | G16: 1 | H16: 1 | J16: 3 | K16: FALSE | L16: TRUE | M16: TRUE | N16: FALSE | O16: FALSE | P16: 1 | Q16: 1 | S16: # Images Removed from Set | T16: 1
A17: 15 | B17: Alt Prime Rd. 1 | C17: 1 | D17: 20220505mouse2_OD_R_4_0_0000002_Structure_0003 | E17: https://drive.google.com/file/d/1zdeadoelUN17JRsqFP3WcgzPbPA-AOnJ/view?usp=sharing | F17: 1 | G17: 1 | H17: 1 | I17: 1 | J17: 4 | K17: TRUE | L17: TRUE | M17: TRUE | N17: FALSE | O17: FALSE | P17: 1 | Q17: 1
A18: 16 | B18: Alt Prime Rd. 1 | C18: 1 | D18: 20220505mouse2_OD_R_4_0_0000002_Structure_0004 | E18: https://drive.google.com/file/d/1SKyPcx3GJzBANF7XPkkzidkibfsCks1W/view?usp=drive_link | F18: 1 | H18: 1 | I18: 2 | J18: 3 | K18: FALSE | L18: FALSE | M18: TRUE | N18: FALSE | O18: FALSE | P18: 1 | Q18: 1
A19: 17 | B19: Alt Prime Rd. 1 | C19: 1 | D19: 20220505mouse3_OD_R_2_0_0000002_Structure_0001 | E19: https://drive.google.com/file/d/1xTQrAM-b-r4NccJ0sNKKjPfbl3oSPM-N/view?usp=sharing | F19: 2 | G19: 2 | H19: 1 | I19: 2 | J19: 4 | K19: FALSE | L19: TRUE | M19: TRUE | N19: FALSE | O19: FALSE | P19: 2 | Q19: 2
A20: 18 | B20: Alt Prime Rd. 1 | C20: 1 | D20: 20220505mouse3_OD_R_2_0_0000002_Structure_0002 | E20: https://drive.google.com/file/d/1PiFtlbmr6yUVjL6qOP18Kmi6ce-Z_z4Y/view?usp=drive_link | F20: 4 | H20: 3 | I20: 3 | J20: 3 | K20: FALSE | L20: FALSE | M20: TRUE | N20: FALSE | O20: FALSE | P20: 3 | Q20: 3
A21: 19 | B21: Alt Prime Rd. 1 | C21: 1 | D21: 20220505mouse3_OD_R_2_0_0000002_Structure_0003 | E21: https://drive.google.com/file/d/1iXrzQfODwMyqlmgL_I7lga8mbWs9L_d0/view?usp=sharing | F21: 2 | G21: 2 | H21: 1 | I21: 2 | J21: 4 | K21: FALSE | L21: TRUE | M21: TRUE | N21: FALSE | O21: FALSE | P21: 2 | Q21: 2
A22: 20 | B22: Alt Prime Rd. 1 | C22: 1 | D22: 20220505mouse3_OD_R_2_0_0000002_Structure_0004 | E22: https://drive.google.com/file/d/1-SUEa-DZB3j8dbqdMaKucMKllGFa1EJD/view?usp=drive_link | F22: 3 | H22: 2 | I22: 3 | J22: 3 | K22: FALSE | L22: FALSE | M22: TRUE | N22: FALSE | O22: FALSE | P22: 3 | Q22: 3
A23: 21 | B23: Alt Prime Rd. 1 | C23: 1 | D23: 20220505mouse3_OD_R_4_0_0000009_Structure_0001 | E23: https://drive.google.com/file/d/17qjPgEcJ5e3gy5gPhmQej30X-msf63_a/view?usp=sharing | F23: 2 | G23: 2 | H23: 2 | I23: 2 | J23: 4 | K23: TRUE | L23: TRUE | M23: TRUE | N23: FALSE | O23: FALSE | P23: 2 | Q23: 2
A24: 22 | B24: Alt Prime Rd. 1 | C24: 1 | D24: 20220505mouse3_OD_R_4_0_0000009_Structure_0002 | E24: https://drive.google.com/file/d/16r-t7RfkxHRA8VcOgl6n525cAgbUh5x9/view?usp=drive_link | F24: 2 | H24: 2 | I24: 1 | J24: 3 | K24: FALSE | L24: FALSE | M24: TRUE | N24: FALSE | O24: FALSE | P24: 2 | Q24: 2
A25: 23 | B25: Alt Prime Rd. 1 | C25: 1 | D25: 20220505mouse3_OD_R_4_0_0000009_Structure_0003 | E25: https://drive.google.com/file/d/1raAMPnEV5Y5010X9vXV1zrJsjTsJ3gqZ/view?usp=sharing | F25: 2 | G25: 2 | H25: 2 | I25: 2 | J25: 4 | K25: TRUE | L25: TRUE | M25: TRUE | N25: FALSE | O25: FALSE | P25: 2 | Q25: 2
A26: 24 | B26: Alt Prime Rd. 1 | C26: 1 | D26: 20220505mouse3_OD_R_4_0_0000009_Structure_0004 | E26: https://drive.google.com/file/d/1gGaGeMaALafEadsBB7ASw3nJMeqYyuZg/view?usp=drive_link | F26: 2 | G26: 2 | H26: 0.5 | J26: 3 | K26: FALSE | L26: FALSE | M26: TRUE | N26: FALSE | O26: FALSE | P26: 2 | Q26: 2
A27: 25 | B27: Alt Prime Rd. 1 | C27: 1 | D27: 20220505mouse4_OD_R_2_0_0000009_Structure_0001 | E27: https://drive.google.com/file/d/1P56qzOyJXvtnb-RIhmIHnmCYf8yZdgyQ/view?usp=sharing | F27: 0.5 | G27: 0.5 | H27: 0.5 | I27: 0.5 | J27: 4 | K27: TRUE | L27: TRUE | M27: TRUE | N27: FALSE | O27: FALSE | P27: 0.5 | Q27: 0.5
A28: 26 | B28: Alt Prime Rd. 1 | C28: 1 | D28: 20220505mouse4_OD_R_2_0_0000009_Structure_0002 | E28: https://drive.google.com/file/d/1MJBCK8iS0Iyqsfg7oiI3yAEkwlGHARur/view?usp=drive_link | F28: 0.5 | H28: 0.5 | I28: 1 | J28: 3 | K28: FALSE | L28: FALSE | M28: TRUE | N28: FALSE | O28: FALSE | P28: 0.5 | Q28: 0.5
A29: 27 | B29: Alt Prime Rd. 1 | C29: 1 | D29: 20220505mouse4_OD_R_2_0_0000009_Structure_0003 | E29: https://drive.google.com/file/d/1cONLD-kqJLlZw_tp_yMt6hcis2lPilO3/view?usp=sharing | F29: 0.5 | G29: 1 | H29: 0.5 | I29: 0.5 | J29: 4 | K29: FALSE | L29: TRUE | M29: TRUE | N29: FALSE | O29: FALSE | P29: 0.5 | Q29: 0.5
A30: 28 | B30: Alt Prime Rd. 1 | C30: 1 | D30: 20220505mouse4_OD_R_2_0_0000009_Structure_0004 | E30: https://drive.google.com/file/d/1Dm2MybyuwzVyzW3gtJhbtwvsdPdwyEO8/view?usp=drive_link | F30: 0.5 | G30: 0.5 | H30: 0.5 | J30: 3 | K30: FALSE | L30: TRUE | M30: TRUE | N30: FALSE | O30: FALSE | P30: 0.5 | Q30: 0.5
A31: 29 | B31: Alt Prime Rd. 1 | C31: 1 | D31: 20220505mouse4_OD_R_4_0_0000002_Structure_0001 | E31: https://drive.google.com/file/d/1NBa14fqiKm74YTxYugCidmiQblCmQSrn/view?usp=sharing | F31: 1 | G31: 1 | H31: 2 | I31: 1 | J31: 4 | K31: FALSE | L31: TRUE | M31: TRUE | N31: FALSE | O31: FALSE | P31: 1 | Q31: 1
A32: 30 | B32: Alt Prime Rd. 1 | C32: 1 | D32: 20220505mouse4_OD_R_4_0_0000002_Structure_0002 | E32: https://drive.google.com/file/d/1gs5T1vAiQ2wlBQaCRI0Bi-RUmZXTNKrf/view?usp=sharing | F32: 2 | H32: 2 | I32: 1 | J32: 3 | K32: FALSE | L32: FALSE | M32: TRUE | N32: FALSE | O32: FALSE | P32: 2 | Q32: 2
A33: 31 | B33: Alt Prime Rd. 1 | C33: 1 | D33: 20220505mouse4_OD_R_4_0_0000002_Structure_0003 | E33: https://drive.google.com/file/d/1QZvxNDBSGquzVytQVLYHsWCX_yg3CBmH/view?usp=sharing | F33: 2 | G33: 2 | H33: 3 | I33: 2 | J33: 4 | K33: FALSE | L33: TRUE | M33: TRUE | N33: FALSE | O33: FALSE | P33: 2 | Q33: 2
A34: 32 | B34: Alt Prime Rd. 1 | C34: 1 | D34: 20220505mouse4_OD_R_4_0_0000002_Structure_0004 | E34: https://drive.google.com/file/d/1PwXC271yZP_Gr5QLJgGjX7U8kFrvStMF/view?usp=sharing | F34: 2 | G34: 2 | H34: 2 | J34: 3 | K34: FALSE | L34: TRUE | M34: TRUE | N34: FALSE | O34: FALSE | P34: 2 | Q34: 2
A35: 33 | B35: Alt Prime Rd. 1 | C35: 1 | D35: 20220505mouse5_OD_R_2_0_0000002_Structure_0001 | E35: https://drive.google.com/file/d/1faM5TBGGOymHJ2krVkMwj0-4hcMG7xPZ/view?usp=sharing | F35: 1 | G35: 1 | H35: 0.5 | I35: 1 | J35: 4 | K35: FALSE | L35: TRUE | M35: TRUE | N35: FALSE | O35: FALSE | P35: 1 | Q35: 1
A36: 34 | B36: Alt Prime Rd. 1 | C36: 1 | D36: 20220505mouse5_OD_R_2_0_0000002_Structure_0002 | E36: https://drive.google.com/file/d/11tWjKdLMWE0uB9_Z7lZA2jjgzhhBg9lt/view?usp=sharing | F36: 100 | G36: 0.5 | H36: 0.5 | J36: 3 | K36: FALSE | L36: FALSE | M36: TRUE | N36: FALSE | O36: FALSE | P36: 0.5 | Q36: 0.5
A37: 35 | B37: Alt Prime Rd. 1 | C37: 1 | D37: 20220505mouse5_OD_R_2_0_0000002_Structure_0003 | E37: https://drive.google.com/file/d/1tzli1BePGMAtDZKUrRc1wDNjrvVJ9-IY/view?usp=sharing | F37: 1 | G37: 0.5 | H37: 0.5 | I37: 1 | J37: 4 | K37: FALSE | L37: FALSE | M37: TRUE | N37: TRUE | O37: FALSE | P37: 1 | Q37: 1
A38: 36 | B38: Alt Prime Rd. 1 | C38: 1 | D38: 20220505mouse5_OD_R_2_0_0000002_Structure_0004 | E38: https://drive.google.com/file/d/1DhHk_GEzzhbb1PeEd4YklDXjE8LBMAg3/view?usp=sharing | F38: 100 | H38: 100 | I38: 2 | J38: 3 | K38: FALSE | L38: FALSE | M38: TRUE | N38: FALSE | O38: FALSE | P38: 100 | Q38: 100
A39: 37 | B39: Alt Prime Rd. 1 | C39: 1 | D39: 20220505mouse5_OD_R_4_0_0000009_Structure_0001 | E39: https://drive.google.com/file/d/1IqHg4-K-HFw_eHqbhcv_r7pqJAq18KpF/view?usp=sharing | F39: 2 | G39: 3 | H39: 3 | I39: 3 | J39: 4 | K39: FALSE | L39: TRUE | M39: TRUE | N39: FALSE | O39: FALSE | P39: 3 | Q39: 3
A40: 38 | B40: Alt Prime Rd. 1 | C40: 1 | D40: 20220505mouse5_OD_R_4_0_0000009_Structure_0002 | E40: https://drive.google.com/file/d/1wnEKnkopKHmO3uSZZ7osMFa1D3tyo5ae/view?usp=sharing | F40: 3 | G40: 4 | H40: 4 | J40: 3 | K40: FALSE | L40: FALSE | M40: TRUE | N40: FALSE | O40: FALSE | P40: 4 | Q40: 4
A41: 39 | B41: Alt Prime Rd. 1 | C41: 1 | D41: 20220505mouse5_OD_R_4_0_0000009_Structure_0003 | E41: https://drive.google.com/file/d/1tO8qH6QbOsOvCGZmyDQ6LaTJ6weEH-nE/view?usp=sharing | F41: 3 | G41: 4 | H41: 3 | I41: 4 | J41: 4 | K41: FALSE | L41: FALSE | M41: TRUE | N41: TRUE | O41: FALSE | P41: 3 | Q41: 3
A42: 40 | B42: Alt Prime Rd. 1 | C42: 1 | D42: 20220505mouse5_OD_R_4_0_0000009_Structure_0004 | E42: https://drive.google.com/file/d/1CC_vDjSWcBhrO97QqeNG8qAlFAeWPhe4/view?usp=sharing | F42: 4 | H42: 4 | I42: 4 | J42: 3 | K42: FALSE | L42: TRUE | M42: TRUE | N42: FALSE | O42: FALSE | P42: 4 | Q42: 4
A43: 41 | B43: Alt Prime Rd. 1 | C43: 1 | D43: 20220505mouse6_OD_R_2_0_0000009_Structure_0001 | E43: https://drive.google.com/file/d/1c5AP6Dj40BOKje3Kyn5tyVkDjlu6MEt0/view?usp=sharing | F43: 1 | G43: 0.5 | H43: 0.5 | I43: 1 | J43: 4 | K43: FALSE | L43: FALSE | M43: TRUE | N43: TRUE | O43: FALSE | P43: 1 | Q43: 1
A44: 42 | B44: Alt Prime Rd. 1 | C44: 1 | D44: 20220505mouse6_OD_R_2_0_0000009_Structure_0002 | E44: https://drive.google.com/file/d/1ojZtYukiXRknT1TR15FJAYLpzi4i7A6Z/view?usp=sharing | F44: 100 | G44: 0.5 | H44: 0.5 | J44: 3 | K44: FALSE | L44: FALSE | M44: TRUE | N44: FALSE | O44: FALSE | P44: 0.5 | Q44: 0.5
A45: 43 | B45: Alt Prime Rd. 1 | C45: 1 | D45: 20220505mouse6_OD_R_2_0_0000009_Structure_0003 | E45: https://drive.google.com/file/d/1B_KPsTdFnELXhHFqZ61CRaZQFHZCMbO8/view?usp=sharing | F45: 1 | G45: 0.5 | H45: 0.5 | I45: 0.5 | J45: 4 | K45: FALSE | L45: TRUE | M45: TRUE | N45: FALSE | O45: FALSE | P45: 0.5 | Q45: 0.5
A46: 44 | B46: Alt Prime Rd. 1 | C46: 1 | D46: 20220505mouse6_OD_R_2_0_0000009_Structure_0004 | E46: https://drive.google.com/file/d/1aVYHwZHPwPD7l2Gfkbx3zFtvVvg157k3/view?usp=sharing | F46: 100 | H46: 0.5 | I46: 100 | J46: 3 | K46: FALSE | L46: FALSE | M46: TRUE | N46: FALSE | O46: FALSE | P46: 100 | Q46: 100
A47: 45 | B47: Alt Prime Rd. 1 | C47: 1 | D47: 20220505mouse6_OD_R_4_0_0000002_Structure_0001 | E47: https://drive.google.com/file/d/17QMn2-njV4DLuX7DCEFW091dXRh5ZbAD/view?usp=sharing | F47: 2 | G47: 2 | H47: 2 | I47: 2 | J47: 4 | K47: TRUE | L47: TRUE | M47: TRUE | N47: FALSE | O47: FALSE | P47: 2 | Q47: 2
A48: 46 | B48: Alt Prime Rd. 1 | C48: 1 | D48: 20220505mouse6_OD_R_4_0_0000002_Structure_0002 | E48: https://drive.google.com/file/d/1fDzYLn7DK6n0FjZEcwFY4SdgbOVaqr3w/view?usp=sharing | F48: 3 | H48: 4 | I48: 3 | J48: 3 | K48: FALSE | L48: FALSE | M48: TRUE | N48: FALSE | O48: FALSE | P48: 3 | Q48: 3
A49: 47 | B49: Alt Prime Rd. 1 | C49: 1 | D49: 20220505mouse6_OD_R_4_0_0000002_Structure_0003 | E49: https://drive.google.com/file/d/13SFBNVMirzG1EzJv0lmwsBBShdHg0vy4/view?usp=sharing | F49: 2 | G49: 2 | H49: 2 | I49: 2 | J49: 4 | K49: TRUE | L49: TRUE | M49: TRUE | N49: FALSE | O49: FALSE | P49: 2 | Q49: 2
A50: 48 | B50: Alt Prime Rd. 1 | C50: 1 | D50: 20220505mouse6_OD_R_4_0_0000002_Structure_0004 | E50: https://drive.google.com/file/d/19Lbmp96cXZdmlp9Hvdq8nJTXMDjONLTk/view?usp=sharing | F50: 3 | H50: 3 | I50: 3 | J50: 3 | K50: FALSE | L50: TRUE | M50: TRUE | N50: FALSE | O50: FALSE | P50: 3 | Q50: 3
A51: 49 | B51: Alt Prime Rd. 1 | C51: 1 | D51: 20220505mouse7_OD_R_2_0_0000002_Structure_0001 | E51: https://drive.google.com/file/d/18prLJc7yp2syUQWDPDTMuns99kpOKphT/view?usp=sharing | F51: 1 | G51: 0.5 | H51: 1 | I51: 1 | J51: 4 | K51: FALSE | L51: TRUE | M51: TRUE | N51: FALSE | O51: FALSE | P51: 1 | Q51: 1
A52: 50 | B52: Alt Prime Rd. 1 | C52: 1 | D52: 20220505mouse7_OD_R_2_0_0000002_Structure_0002 | E52: https://drive.google.com/file/d/1LixBJvhuH38Hq_saCAgNrA9rm2I2UCjB/view?usp=sharing | F52: 1 | G52: 1 | H52: 1 | J52: 3 | K52: FALSE | L52: TRUE | M52: TRUE | N52: FALSE | O52: FALSE | P52: 1 | Q52: 1
A53: 51 | B53: Alt Prime Rd. 1 | C53: 1 | D53: 20220505mouse7_OD_R_2_0_0000002_Structure_0003 | E53: https://drive.google.com/file/d/12W8xssg55wfFpIePTMNekjoRYX-BDEbE/view?usp=sharing | F53: 1 | G53: 1 | H53: 1 | I53: 1 | J53: 4 | K53: TRUE | L53: TRUE | M53: TRUE | N53: FALSE | O53: FALSE | P53: 1 | Q53: 1
A54: 52 | B54: Alt Prime Rd. 1 | C54: 1 | D54: 20220505mouse7_OD_R_2_0_0000002_Structure_0004 | E54: https://drive.google.com/file/d/1CywdHZcJXuzxY1u-hOd1mCQpxn6WmbBY/view?usp=sharing | F54: 0.5 | G54: 0.5 | H54: 0.5 | J54: 3 | K54: FALSE | L54: TRUE | M54: TRUE | N54: FALSE | O54: FALSE | P54: 0.5 | Q54: 0.5
A55: 53 | B55: Alt Prime Rd. 1 | C55: 1 | D55: 20220505mouse7_OD_R_4_0_0000009_Structure_0001 | E55: https://drive.google.com/file/d/13OCWsSixMBz2qOkvTQRFvyCPgKdwKJF6/view?usp=sharing | F55: 0.5 | G55: 0.5 | H55: 0.5 | I55: 0.5 | J55: 4 | K55: TRUE | L55: TRUE | M55: TRUE | N55: FALSE | O55: FALSE | P55: 0.5 | Q55: 0.5
A56: 54 | B56: Alt Prime Rd. 1 | C56: 1 | D56: 20220505mouse7_OD_R_4_0_0000009_Structure_0002 | E56: https://drive.google.com/file/d/1G8GZqivAglHHUV_HkyOGQCZNwWoWjzDL/view?usp=sharing | F56: 2 | H56: 0.5 | I56: 2 | J56: 3 | K56: FALSE | L56: FALSE | M56: TRUE | N56: FALSE | O56: FALSE | P56: 2 | Q56: 2
A57: 55 | B57: Alt Prime Rd. 1 | C57: 1 | D57: 20220505mouse7_OD_R_4_0_0000009_Structure_0003 | E57: https://drive.google.com/file/d/19ufKLojAR-458KGvXpusOKCZJcNRNTvQ/view?usp=sharing | F57: 0 | G57: 0.5 | H57: 0.5 | I57: 0.5 | J57: 4 | K57: FALSE | L57: TRUE | M57: TRUE | N57: FALSE | O57: FALSE | P57: 0.5 | Q57: 0.5
A58: 56 | B58: Alt Prime Rd. 1 | C58: 1 | D58: 20220505mouse7_OD_R_4_0_0000009_Structure_0004 | E58: https://drive.google.com/file/d/15y-jTR-7wKlTcPe9buUx2M5xmU59EY0-/view?usp=sharing | F58: 0.5 | G58: 0.5 | H58: 0 | J58: 3 | K58: FALSE | L58: FALSE | M58: TRUE | N58: FALSE | O58: FALSE | P58: 0.5 | Q58: 0.5
A59: 57 | B59: Alt Prime Rd. 1 | C59: 1 | D59: 20220505mouse8_OD_R_2_0_0000009_Structure_0001 | E59: https://drive.google.com/file/d/1QeFIHug6GTx-tFX4K3s_lp9IgSjymROS/view?usp=sharing | F59: 4 | G59: 4 | H59: 3 | I59: 4 | J59: 4 | K59: FALSE | L59: TRUE | M59: TRUE | N59: FALSE | O59: FALSE | P59: 4 | Q59: 4
A60: 58 | B60: Alt Prime Rd. 1 | C60: 1 | D60: 20220505mouse8_OD_R_2_0_0000009_Structure_0002 | E60: https://drive.google.com/file/d/1cPvC6k3h7YUo7t4nLFi0jPxFKwGKDS6h/view?usp=sharing | F60: 4 | G60: 4 | H60: 4 | J60: 3 | K60: FALSE | L60: TRUE | M60: TRUE | N60: FALSE | O60: FALSE | P60: 4 | Q60: 4
A61: 59 | B61: Alt Prime Rd. 1 | C61: 1 | D61: 20220505mouse8_OD_R_2_0_0000009_Structure_0003 | E61: https://drive.google.com/file/d/1wZVLEn6e9KyGEmGEHSLoK_4jueTKjrU1/view?usp=sharing | F61: 4 | G61: 4 | H61: 4 | I61: 4 | J61: 4 | K61: TRUE | L61: TRUE | M61: TRUE | N61: FALSE | O61: FALSE | P61: 4 | Q61: 4
A62: 60 | B62: Alt Prime Rd. 1 | C62: 1 | D62: 20220505mouse8_OD_R_2_0_0000009_Structure_0004 | E62: https://drive.google.com/file/d/1vy7qr6zW0zmzk4-W9o76UiKpf7N7QEw3/view?usp=sharing | F62: 4 | G62: 4 | H62: 4 | J62: 3 | K62: FALSE | L62: TRUE | M62: TRUE | N62: FALSE | O62: FALSE | P62: 4 | Q62: 4
A63: 61 | B63: Alt Prime Rd. 1 | C63: 1 | D63: 20220505mouse8_OD_R_4_0_0000002_Structure_0001 | E63: https://drive.google.com/file/d/10EC5wFUhnN0QMAwdaXi5NnF9st7fVQMk/view?usp=sharing | F63: 1 | G63: 1 | H63: 1 | I63: 1 | J63: 4 | K63: TRUE | L63: TRUE | M63: TRUE | N63: FALSE | O63: FALSE | P63: 1 | Q63: 1
A64: 62 | B64: Alt Prime Rd. 1 | C64: 1 | D64: 20220505mouse8_OD_R_4_0_0000002_Structure_0002 | E64: https://drive.google.com/file/d/1NFOFkt9wZ9XteOc0oyJRUIPVaKrsXyKG/view?usp=sharing | F64: 1 | G64: 1 | H64: 1 | J64: 3 | K64: FALSE | L64: TRUE | M64: TRUE | N64: FALSE | O64: FALSE | P64: 1 | Q64: 1
A65: 63 | B65: Alt Prime Rd. 1 | C65: 1 | D65: 20220505mouse8_OD_R_4_0_0000002_Structure_0003 | E65: https://drive.google.com/file/d/1yr7CUBnf0lwWJXTpBAR4FvYaIjTEelVi/view?usp=sharing | F65: 0.5 | G65: 1 | H65: 1 | I65: 1 | J65: 4 | K65: FALSE | L65: TRUE | M65: TRUE | N65: FALSE | O65: FALSE | P65: 1 | Q65: 1
A66: 64 | B66: Alt Prime Rd. 1 | C66: 1 | D66: 20220505mouse8_OD_R_4_0_0000002_Structure_0004 | E66: https://drive.google.com/file/d/1r2KfLtK437XF8-iMvduuqevasjz6qQCd/view?usp=sharing | F66: 1 | H66: 1 | I66: 1 | J66: 3 | K66: FALSE | L66: TRUE | M66: TRUE | N66: FALSE | O66: FALSE | P66: 1 | Q66: 1
A67: 65 | B67: Alt Prime Rd. 1 | C67: 1 | D67: 20220505mouse10_OD_R_2_0_0000002_Structure_0001 | E67: https://drive.google.com/file/d/10kThsFPQSdsCz3Y3mAlEFWcY5FsaU4Sc/view?usp=sharing | F67: 3 | G67: 3 | H67: 3 | I67: 3 | J67: 4 | K67: TRUE | L67: TRUE | M67: TRUE | N67: FALSE | O67: FALSE | P67: 3 | Q67: 3
A68: 66 | B68: Alt Prime Rd. 1 | C68: 1 | D68: 20220505mouse10_OD_R_2_0_0000002_Structure_0002 | E68: https://drive.google.com/file/d/1FMuipabtx-_VfoosDh2iqMb2I8toC4tB/view?usp=sharing | F68: 3 | H68: 3 | I68: 3 | J68: 3 | K68: FALSE | L68: TRUE | M68: TRUE | N68: FALSE | O68: FALSE | P68: 3 | Q68: 3
A69: 67 | B69: Alt Prime Rd. 1 | C69: 1 | D69: 20220505mouse10_OD_R_2_0_0000002_Structure_0003 | E69: https://drive.google.com/file/d/1bN02RIOeRUexcdLr-GSHev1mk6yVJeBx/view?usp=sharing | F69: 3 | G69: 3 | H69: 1 | I69: 3 | J69: 4 | K69: FALSE | L69: TRUE | M69: TRUE | N69: FALSE | O69: FALSE | P69: 3 | Q69: 3
A70: 68 | B70: Alt Prime Rd. 1 | C70: 1 | D70: 20220505mouse10_OD_R_2_0_0000002_Structure_0004 | E70: https://drive.google.com/file/d/1hww0lZ3G9h-XmDjPrGFKbXhHEE3tg4zP/view?usp=sharing | F70: 2 | H70: 3 | I70: 2 | J70: 3 | K70: FALSE | L70: FALSE | M70: TRUE | N70: FALSE | O70: FALSE | P70: 2 | Q70: 2
A71: 69 | B71: Alt Prime Rd. 1 | C71: 1 | D71: 20220505mouse10_OD_R_4_0_0000009_Structure_0001 | E71: https://drive.google.com/file/d/1mrFKWarBdMcLhVBr33ATlm3mi3kxkWZG/view?usp=sharing | F71: 0 | G71: 0 | H71: 0.5 | I71: 0 | J71: 4 | K71: FALSE | L71: TRUE | M71: TRUE | N71: FALSE | O71: FALSE | P71: 0 | Q71: 0
A72: 70 | B72: Alt Prime Rd. 1 | C72: 1 | D72: 20220505mouse10_OD_R_4_0_0000009_Structure_0002 | E72: https://drive.google.com/file/d/1FFLbdu5ujuPVI7npzV2ntdznteTR5dxy/view?usp=sharing | F72: 0 | G72: 0 | H72: 0 | J72: 3 | K72: FALSE | L72: TRUE | M72: TRUE | N72: FALSE | O72: FALSE | P72: 0 | Q72: 0
A73: 71 | B73: Alt Prime Rd. 1 | C73: 1 | D73: 20220505mouse10_OD_R_4_0_0000009_Structure_0003 | E73: https://drive.google.com/file/d/1Sc-wJfsz_eTUAtgr-K-iRmKu8pVtlfmM/view?usp=sharing | F73: 0 | G73: 0 | H73: 0 | I73: 0 | J73: 4 | K73: TRUE | L73: TRUE | M73: TRUE | N73: FALSE | O73: FALSE | P73: 0 | Q73: 0
A74: 72 | B74: Alt Prime Rd. 1 | C74: 1 | D74: 20220505mouse10_OD_R_4_0_0000009_Structure_0004 | E74: https://drive.google.com/file/d/11Vgf1BW4zMHtpyGvVVc_ju2ffHnWo4BM/view?usp=sharing | F74: 0 | G74: 0 | H74: 0 | J74: 3 | K74: FALSE | L74: TRUE | M74: TRUE | N74: FALSE | O74: FALSE | P74: 0 | Q74: 0
A75: 73 | B75: Alt Prime Rd. 1 | C75: 2 | D75: 20220505mouse1_OD_R_2_0_0000002_Structure_0001 | E75: https://drive.google.com/file/d/10IvJRRKi3ynlcOBI5Lve3VzTsVaXpCqi/view?usp=sharing | F75: 2 | G75: 2 | H75: 1 | I75: 2 | J75: 4 | K75: FALSE | L75: TRUE | M75: TRUE | N75: FALSE | O75: FALSE | P75: 2 | Q75: 2
A76: 74 | B76: Alt Prime Rd. 1 | C76: 2 | D76: 20220505mouse1_OD_R_2_0_0000002_Structure_0004 | E76: https://drive.google.com/file/d/1JQFzcoxG5u9B-cr9oXmw1SiOHu7RyI0P/view?usp=sharing | F76: 3 | G76: 3 | H76: 4 | I76: 3 | J76: 4 | K76: FALSE | L76: TRUE | M76: TRUE | N76: FALSE | O76: FALSE | P76: 3 | Q76: 3
A77: 75 | B77: Alt Prime Rd. 1 | C77: 2 | D77: 20220505mouse1_OD_R_4_0_0000012_Structure_0001 | E77: https://drive.google.com/file/d/1mh5xFSu1h5Hv2RgIPd0EZUjP6U0giEd7/view?usp=sharing | F77: 0.5 | G77: 0.5 | H77: 0 | J77: 3 | K77: FALSE | L77: FALSE | M77: TRUE | N77: FALSE | O77: FALSE | P77: 0.5 | Q77: 0.5
A78: 76 | B78: Alt Prime Rd. 1 | C78: 2 | D78: 20220505mouse1_OD_R_4_0_0000012_Structure_0004 | E78: https://drive.google.com/file/d/1GA8hp9H-5nhGuRAC8AQ2YA1kqeYjHCF2/view?usp=sharing | F78: 2 | G78: 1 | H78: 2 | I78: 2 | J78: 4 | K78: FALSE | L78: TRUE | M78: TRUE | N78: FALSE | O78: FALSE | P78: 2 | Q78: 2
A79: 77 | B79: Alt Prime Rd. 1 | C79: 2 | D79: 20220505mouse2_OD_R_2_0_0000026_Structure_0001 | E79: https://drive.google.com/file/d/1Ie6Sr2WLiPfXLLYckzZRPWL9twi1XSwG/view?usp=sharing | F79: 1 | G79: 2 | H79: 1 | I79: 2 | J79: 4 | K79: FALSE | L79: FALSE | M79: TRUE | N79: TRUE | O79: FALSE | P79: 1 | Q79: 1
A80: 78 | B80: Alt Prime Rd. 1 | C80: 2 | D80: 20220505mouse2_OD_R_2_0_0000026_Structure_0004 | E80: https://drive.google.com/file/d/1Mntywa3hqmik8miCPGM6WVZIOgAo8aqk/view?usp=sharing | F80: 2 | G80: 2 | H80: 2 | J80: 3 | K80: FALSE | L80: TRUE | M80: TRUE | N80: FALSE | O80: FALSE | P80: 2 | Q80: 2
A81: 79 | B81: Alt Prime Rd. 1 | C81: 2 | D81: 20220505mouse2_OD_R_4_0_0000016_Structure_0001 | E81: https://drive.google.com/file/d/1NB9nq8WDlFlzXPKKT_4RZ4amlDgn05W2/view?usp=sharing | F81: 0 | G81: 0.5 | H81: 0 | J81: 3 | K81: FALSE | L81: TRUE | M81: TRUE | N81: FALSE | O81: FALSE | P81: 0 | Q81: 0
A82: 80 | B82: Alt Prime Rd. 1 | C82: 2 | D82: 20220505mouse2_OD_R_4_0_0000016_Structure_0004 | E82: https://drive.google.com/file/d/1XwyLlFnBKHBZaIqf0yVCOJhPiGZaIwQp/view?usp=sharing | F82: 0.5 | G82: 0.5 | H82: 0.5 | J82: 3 | K82: FALSE | L82: TRUE | M82: TRUE | N82: FALSE | O82: FALSE | P82: 0.5 | Q82: 0.5
A83: 81 | B83: Alt Prime Rd. 1 | C83: 2 | D83: 20220505mouse3_OD_R_2_0_0000026_Structure_0001 | E83: https://drive.google.com/file/d/1bOjPUuNgELHgmjRZBQdv8yoLi_d8cGPd/view?usp=sharing | F83: 100 | G83: 100 | H83: 100 | I83: 100 | J83: 4 | K83: TRUE | L83: TRUE | M83: TRUE | N83: FALSE | O83: FALSE | P83: 100 | Q83: 100
A84: 82 | B84: Alt Prime Rd. 1 | C84: 2 | D84: 20220505mouse3_OD_R_2_0_0000026_Structure_0004 | E84: https://drive.google.com/file/d/1aQ7R7iuSaeZmAAiNL_hcsp6xQgokdF-J/view?usp=sharing | F84: 100 | G84: 100 | H84: 100 | J84: 3 | K84: FALSE | L84: TRUE | M84: TRUE | N84: FALSE | O84: FALSE | P84: 100 | Q84: 100
A85: 83 | B85: Alt Prime Rd. 1 | C85: 2 | D85: 20220505mouse3_OD_R_4_0_0000016_Structure_0001 | E85: https://drive.google.com/file/d/1XBWiU_NRhmPloqXKBHwWE-DxjTVIIXW9/view?usp=sharing | F85: 2 | G85: 2 | H85: 0.5 | J85: 3 | K85: FALSE | L85: FALSE | M85: TRUE | N85: FALSE | O85: FALSE | P85: 2 | Q85: 2
A86: 84 | B86: Alt Prime Rd. 1 | C86: 2 | D86: 20220505mouse3_OD_R_4_0_0000016_Structure_0004 | E86: https://drive.google.com/file/d/1n-M1nFcIc7yQyVV29aSQ0zASsluVXIBn/view?usp=sharing | F86: 2 | G86: 2 | H86: 2 | J86: 3 | K86: FALSE | L86: TRUE | M86: TRUE | N86: FALSE | O86: FALSE | P86: 2 | Q86: 2
A87: 85 | B87: Alt Prime Rd. 1 | C87: 2 | D87: 20220505mouse4_OD_R_2_0_0000016_Structure_0001 | E87: https://drive.google.com/file/d/1uMzj51JoNDwmOmm69tDXcWXV2mAHVnWr/view?usp=sharing | F87: 0.5 | G87: 0.5 | H87: 100 | J87: 3 | K87: FALSE | L87: FALSE | M87: TRUE | N87: FALSE | O87: FALSE | P87: 0.5 | Q87: 0.5
A88: 86 | B88: Alt Prime Rd. 1 | C88: 2 | D88: 20220505mouse4_OD_R_2_0_0000016_Structure_0004 | E88: https://drive.google.com/file/d/1erb9BcxBV_Au-9qnYk7g4xcwVqlf7Fy6/view?usp=sharing | F88: 100 | G88: 1 | H88: 1 | I88: 100 | J88: 4 | K88: FALSE | L88: FALSE | M88: TRUE | N88: TRUE | O88: TRUE | P88: 100 | Q88: 100
A89: 87 | B89: Alt Prime Rd. 1 | C89: 2 | D89: 20220505mouse4_OD_R_4_0_0000026_Structure_0001 | E89: https://drive.google.com/file/d/1KqpfKSWm2FE5mDVRAkAn-qXBtY5yGC9j/view?usp=sharing | F89: 100 | G89: 0.5 | H89: 100 | I89: 0.5 | J89: 4 | K89: FALSE | L89: FALSE | M89: TRUE | N89: TRUE | O89: TRUE | P89: 100 | Q89: 100
A90: 88 | B90: Alt Prime Rd. 1 | C90: 2 | D90: 20220505mouse4_OD_R_4_0_0000026_Structure_0004 | E90: https://drive.google.com/file/d/1WeHax89bxh3x6Q30h5f7N7hbOPMvVnDd/view?usp=sharing | F90: 2 | G90: 2 | H90: 2 | J90: 3 | K90: FALSE | L90: TRUE | M90: TRUE | N90: FALSE | O90: FALSE | P90: 2 | Q90: 2
A91: 89 | B91: Alt Prime Rd. 1 | C91: 2 | D91: 20220505mouse5_OD_R_2_0_0000026_Structure_0001 | E91: https://drive.google.com/file/d/1yDNchWcVg48eFmasVDu5x0sdGCTxjlom/view?usp=sharing | F91: 100 | G91: 100 | H91: 100 | J91: 3 | K91: FALSE | L91: TRUE | M91: TRUE | N91: FALSE | O91: FALSE | P91: 100 | Q91: 100
A92: 90 | B92: Alt Prime Rd. 1 | C92: 2 | D92: 20220505mouse5_OD_R_2_0_0000026_Structure_0004 | E92: https://drive.google.com/file/d/1gWY2YLgMLWa1sy2L1ElKigkBpjQ37gmh/view?usp=sharing | F92: 100 | G92: 100 | H92: 100 | J92: 3 | K92: FALSE | L92: TRUE | M92: TRUE | N92: FALSE | O92: FALSE | P92: 100 | Q92: 100
A93: 91 | B93: Alt Prime Rd. 1 | C93: 2 | D93: 20220505mouse5_OD_R_4_0_0000016_Structure_0001 | E93: https://drive.google.com/file/d/1Of4iw2GXQJLfRXhs4A_1MVEIm7jrclCZ/view?usp=sharing | F93: 100 | G93: 100 | H93: 100 | J93: 3 | K93: FALSE | L93: TRUE | M93: TRUE | N93: FALSE | O93: FALSE | P93: 100 | Q93: 100
A94: 92 | B94: Alt Prime Rd. 1 | C94: 2 | D94: 20220505mouse5_OD_R_4_0_0000016_Structure_0004 | E94: https://drive.google.com/file/d/1lP85Wpu7gnsNajtL7gI6Wp-miP3mfio5/view?usp=sharing | F94: 100 | G94: 100 | H94: 100 | J94: 3 | K94: FALSE | L94: TRUE | M94: TRUE | N94: FALSE | O94: FALSE | P94: 100 | Q94: 100
A95: 93 | B95: Alt Prime Rd. 1 | C95: 2 | D95: 20220505mouse6_OD_R_2_0_0000016_Structure_0001 | E95: https://drive.google.com/file/d/1W_qqCrd6Z6iKKqEusVg7qf-9oT6YTQhm/view?usp=sharing | F95: 100 | G95: 100 | H95: 100 | J95: 3 | K95: FALSE | L95: TRUE | M95: TRUE | N95: FALSE | O95: FALSE | P95: 100 | Q95: 100
A96: 94 | B96: Alt Prime Rd. 1 | C96: 2 | D96: 20220505mouse6_OD_R_2_0_0000016_Structure_0004 | E96: https://drive.google.com/file/d/1Bxt0avF18ZRT0R1zy0DR-yy4xJvO3-ZF/view?usp=sharing | F96: 100 | G96: 100 | H96: 100 | I96: 100 | J96: 4 | K96: TRUE | L96: TRUE | M96: TRUE | N96: FALSE | O96: FALSE | P96: 100 | Q96: 100
A97: 95 | B97: Alt Prime Rd. 1 | C97: 2 | D97: 20220505mouse6_OD_R_4_0_0000026_Structure_0001 | E97: https://drive.google.com/file/d/1b50lxtUHLlEtuXkE1JoY9G3AHGPWrXHn/view?usp=sharing | F97: 4 | G97: 4 | H97: 4 | J97: 3 | K97: FALSE | L97: TRUE | M97: TRUE | N97: FALSE | O97: FALSE | P97: 4 | Q97: 4
A98: 96 | B98: Alt Prime Rd. 1 | C98: 2 | D98: 20220505mouse6_OD_R_4_0_0000026_Structure_0004 | E98: https://drive.google.com/file/d/1D88G8-qfIGVvqSoIeGmw1g6hNfX7Alzw/view?usp=sharing | F98: 4 | G98: 3 | H98: 3 | J98: 3 | K98: FALSE | L98: FALSE | M98: TRUE | N98: FALSE | O98: FALSE | P98: 3 | Q98: 3
A99: 97 | B99: Alt Prime Rd. 1 | C99: 2 | D99: 20220505mouse7_OD_R_2_0_0000026_Structure_0001 | E99: https://drive.google.com/file/d/1Yu2_rJcFQ0T0IFWzhISwzUL9iCujWCvB/view?usp=sharing | F99: 0.5 | G99: 0.5 | H99: 0.5 | J99: 3 | K99: FALSE | L99: TRUE | M99: TRUE | N99: FALSE | O99: FALSE | P99: 0.5 | Q99: 0.5
A100: 98 | B100: Alt Prime Rd. 1 | C100: 2 | D100: 20220505mouse7_OD_R_2_0_0000026_Structure_0004 | E100: https://drive.google.com/file/d/1DTSpV9IBg9f1a5Rapy5GlF3fgfZs1nPX/view?usp=sharing | F100: 0.5 | G100: 0.5 | H100: 0.5 | I100: 0.5 | J100: 4 | K100: TRUE | L100: TRUE | M100: TRUE | N100: FALSE | O100: FALSE | P100: 0.5 | Q100: 0.5
...
